 openTime,Open,High,Low,Close,Volume,CloseTime,QuoteAssetVolume,NumberofTrades,TakerbuyBaseAssetVolume,TakerbuyQuoteAssetVolume,Ignore
1610776800000,1164.12000000,1174.94000000,1162.98000000,1173.95000000,17243.00940000,1610778599999,20159478.72324890,14309,9087.35842000,10624413.60018750,0
1610778600000,1173.95000000,1176.76000000,1169.81000000,1173.13000000,19348.85260000,1610780399999,22700455.13391360,14712,9054.44394000,10624351.17894470,0
1610780400000,1173.13000000,1189.76000000,1171.14000000,1184.76000000,36025.32546000,1610782199999,42642948.12788010,26282,19308.63093000,22853580.33070090,0
1610782200000,1184.67000000,1187.50000000,1179.47000000,1182.90000000,18848.43643000,1610783999999,22307700.33721780,14912,9962.38203000,11791882.72132420,0
1610784000000,1182.88000000,1190.45000000,1177.00000000,1183.63000000,18780.36031000,1610785799999,22245326.38998490,22692,9679.21756000,11464448.85313080,0
1610785800000,1183.62000000,1217.94000000,1181.68000000,1215.47000000,61639.50274000,1610787599999,74450638.01554350,49997,34173.09530000,41270308.15753930,0
1610787600000,1215.62000000,1217.39000000,1206.98000000,1208.59000000,28477.15736000,1610789399999,34493416.70550920,20221,14402.74213000,17446384.67221580,0
1610789400000,1208.59000000,1215.00000000,1204.06000000,1214.99000000,22362.44630000,1610791199999,27066916.78456710,17330,11528.15253000,13955968.78820220,0
1610791200000,1214.99000000,1225.01000000,1212.46000000,1215.30000000,38764.93527000,1610792999999,47287058.99867970,26012,21111.17757000,25753757.49191050,0
1610793000000,1215.17000000,1216.00000000,1206.53000000,1213.47000000,27959.15076000,1610794799999,33861839.77512010,20207,15694.80274000,19009457.84242980,0
1610794800000,1213.30000000,1218.35000000,1205.34000000,1217.80000000,25526.06399000,1610796599999,30942715.27982200,17866,12231.30791000,14831934.50314970,0
1610796600000,1217.81000000,1225.52000000,1210.00000000,1219.00000000,31234.17920000,1610798399999,38121253.90788640,23524,16331.35726000,19939193.38000460,0
1610798400000,1219.00000000,1232.73000000,1188.38000000,1196.58000000,60460.33254000,1610800199999,73460700.91328810,40431,29762.50390000,36178244.61709550,0
1610800200000,1196.95000000,1219.50000000,1188.00000000,1217.52000000,34982.50619000,1610801999999,42247623.77831820,27997,18796.02078000,22715221.05936890,0
1610802000000,1217.59000000,1250.00000000,1217.22000000,1245.90000000,64464.48697000,1610803799999,79583492.92763920,48598,36639.54414000,45245304.75190130,0
1610803800000,1245.90000000,1246.67000000,1228.38000000,1231.28000000,40925.43876000,1610805599999,50623693.30355910,32050,18777.11213000,23229517.15093860,0
1610805600000,1231.31000000,1243.43000000,1216.67000000,1219.07000000,35231.56669000,1610807399999,43406223.92574980,29228,16281.30991000,20074759.32366350,0
1610807400000,1218.59000000,1240.48000000,1216.67000000,1238.99000000,38688.85036000,1610809199999,47637509.88481500,26309,18405.49639000,22680976.90017880,0
1610809200000,1238.99000000,1244.51000000,1231.10000000,1235.44000000,23279.58352000,1610810999999,28810417.66037150,23043,12648.40496000,15658156.80359100,0
1610811000000,1235.57000000,1278.00000000,1235.57000000,1276.27000000,84860.43666000,1610812799999,107046081.51532720,64031,50483.96909000,63632444.58733460,0
1610812800000,1276.29000000,1298.00000000,1259.03000000,1280.44000000,88615.59280000,1610814599999,113309229.66973950,60572,47307.52207000,60544252.23216100,0
1610814600000,1280.44000000,1280.44000000,1252.09000000,1265.87000000,39528.46464000,1610816399999,50016746.63941580,31422,18594.87741000,23522478.53973390,0
1610816400000,1265.88000000,1270.00000000,1246.22000000,1254.79000000,39086.21543000,1610818199999,49151632.74332390,27421,20019.61497000,25180091.63970130,0
1610818200000,1254.75000000,1264.62000000,1252.27000000,1253.51000000,20259.62155000,1610819999999,25497388.52505150,17642,10456.20372000,13161380.23382720,0
1610820000000,1253.60000000,1258.99000000,1241.34000000,1252.71000000,24881.35917000,1610821799999,31117190.72632540,20797,12331.40995000,15423089.95227360,0
1610821800000,1252.71000000,1257.81000000,1228.30000000,1231.38000000,33841.15873000,1610823599999,42115348.99884340,25782,15250.77549000,18999482.30824090,0
1610823600000,1231.44000000,1246.34000000,1218.40000000,1236.48000000,42239.53836000,1610825399999,52170991.02456510,33889,20817.97135000,25725224.20604600,0
1610825400000,1236.25000000,1256.11000000,1236.25000000,1252.59000000,28691.92830000,1610827199999,35849905.87282530,24422,14175.87508000,17710832.46694040,0
1610827200000,1252.40000000,1273.90000000,1245.00000000,1273.45000000,30961.51696000,1610828999999,39033386.17996890,27929,15632.87360000,19711300.75208030,0
1610829000000,1273.45000000,1280.71000000,1261.02000000,1273.70000000,29220.99015000,1610830799999,37184795.13084220,27058,14384.06992000,18312474.38354000,0
1610830800000,1273.70000000,1273.90000000,1250.50000000,1255.77000000,24002.28683000,1610832599999,30237806.24603110,22146,11395.65483000,14354925.66763960,0
1610832600000,1255.78000000,1256.78000000,1222.00000000,1234.89000000,55375.94081000,1610834399999,68454534.93179880,42576,24626.60906000,30466670.50315570,0
1610834400000,1234.91000000,1235.24000000,1200.00000000,1222.55000000,45182.45258000,1610836199999,54994489.79808310,40224,20448.30555000,24906333.72200150,0
1610836200000,1222.62000000,1239.85000000,1221.39000000,1231.93000000,19832.62110000,1610837999999,24411829.63935200,18310,10447.22460000,12863202.58594490,0
1610838000000,1231.99000000,1233.13000000,1211.46000000,1224.92000000,25130.02361000,1610839799999,30740723.73665340,21225,12601.13495000,15414823.38723300,0
1610839800000,1224.76000000,1240.78000000,1221.78000000,1227.83000000,25993.65090000,1610841599999,32091211.20483230,20533,12626.98706000,15589766.02299610,0
1610841600000,1227.83000000,1228.25000000,1200.53000000,1216.39000000,43638.96998000,1610843399999,52894042.90512550,34013,20060.20562000,24311234.27844580,0
1610843400000,1216.43000000,1239.55000000,1215.64000000,1235.64000000,28893.47585000,1610845199999,35524465.49166980,26415,14982.44533000,18421792.03609030,0
1610845200000,1235.79000000,1239.00000000,1225.00000000,1238.61000000,17716.08181000,1610846999999,21837780.31734610,16979,8823.70043000,10879970.87226040,0
1610847000000,1238.61000000,1251.34000000,1225.49000000,1250.75000000,22969.97880000,1610848799999,28393291.43550310,20919,12149.13314000,15025081.81320460,0
1610848800000,1250.56000000,1258.00000000,1245.85000000,1248.09000000,23872.09188000,1610850599999,29871739.21893760,22361,12307.68253000,15402275.99723080,0
1610850600000,1248.08000000,1250.17000000,1238.16000000,1245.35000000,15652.12322000,1610852399999,19501530.96067250,15071,7938.91917000,9891093.99593840,0
1610852400000,1245.35000000,1248.56000000,1237.14000000,1242.05000000,20696.72214000,1610854199999,25743473.01916660,17009,11337.43899000,14105418.81017430,0
1610854200000,1242.00000000,1243.32000000,1231.37000000,1241.20000000,20449.62849000,1610855999999,25296886.84146940,16622,10396.72689000,12865116.04106360,0
1610856000000,1241.33000000,1250.72000000,1237.93000000,1244.43000000,18239.26005000,1610857799999,22725120.60958870,14650,10972.81396000,13675690.35481630,0
1610857800000,1244.43000000,1249.08000000,1220.80000000,1223.32000000,28521.20776000,1610859599999,35156004.32063380,20577,12223.29538000,15066347.71375620,0
1610859600000,1223.41000000,1229.24000000,1212.00000000,1221.42000000,25542.61453000,1610861399999,31173565.40357410,22098,12048.38573000,14706764.19773580,0
1610861400000,1221.41000000,1225.39000000,1213.00000000,1215.42000000,18296.35874000,1610863199999,22314679.51599030,16080,8874.28282000,10826062.31767150,0
1610863200000,1215.50000000,1224.59000000,1201.00000000,1203.34000000,36997.59859000,1610864999999,44802822.06920730,25723,15946.20434000,19310546.72281110,0
1610865000000,1203.33000000,1215.23000000,1201.11000000,1213.00000000,20332.43911000,1610866799999,24580468.01207310,16094,10768.42848000,13019174.70799530,0
1610866800000,1213.24000000,1228.60000000,1204.00000000,1209.31000000,29830.20781000,1610868599999,36227579.03194820,23581,16141.40263000,19608025.74231220,0
1610868600000,1209.26000000,1209.26000000,1170.00000000,1182.60000000,82333.17992000,1610870399999,97664181.10175960,58140,37142.97872000,44035827.80188220,0
1610870400000,1182.45000000,1194.73000000,1165.00000000,1194.31000000,61866.24479000,1610872199999,73031189.82237400,45801,31101.41702000,36727809.06333460,0
1610872200000,1194.31000000,1197.06000000,1180.59000000,1196.54000000,32906.88626000,1610873999999,39129643.22353280,29498,15759.04380000,18744891.11399060,0
1610874000000,1196.39000000,1212.58000000,1193.11000000,1203.16000000,39598.93031000,1610875799999,47749855.68589820,25149,20364.71216000,24552932.00915910,0
1610875800000,1203.27000000,1203.57000000,1175.01000000,1180.53000000,46844.86544000,1610877599999,55608961.27566300,31683,20401.43447000,24208939.66686320,0
1610877600000,1180.52000000,1198.00000000,1167.04000000,1193.80000000,38413.67522000,1610879399999,45540200.01071880,28060,20107.90528000,23853358.11983520,0
1610879400000,1193.80000000,1210.24000000,1193.74000000,1202.35000000,30753.22217000,1610881199999,37007151.98240510,21229,16956.14535000,20403835.19521190,0
1610881200000,1202.35000000,1217.33000000,1201.82000000,1209.89000000,22611.62540000,1610882999999,27350442.03856090,18847,13111.27310000,15861854.14495850,0
1610883000000,1209.92000000,1228.37000000,1203.33000000,1219.52000000,30407.58268000,1610884799999,37060067.88082440,24653,16749.08443000,20418531.86591410,0
1610884800000,1219.52000000,1225.84000000,1210.14000000,1218.27000000,27482.69280000,1610886599999,33503087.71396100,20851,13600.67069000,16581784.26735450,0
1610886600000,1218.26000000,1222.00000000,1208.13000000,1212.87000000,24254.14720000,1610888399999,29431401.63356340,20043,11567.17901000,14038540.96636100,0
1610888400000,1213.06000000,1224.51000000,1210.00000000,1220.01000000,19112.22763000,1610890199999,23310157.14702420,18118,9587.55545000,11693395.61331840,0
1610890200000,1220.01000000,1227.74000000,1196.12000000,1198.86000000,28707.55463000,1610891999999,34725789.57555780,27467,13996.58203000,16940122.51774700,0
1610892000000,1198.78000000,1207.41000000,1191.03000000,1201.89000000,25127.32355000,1610893799999,30157209.88959390,20565,12252.44938000,14706562.83810690,0
1610893800000,1201.94000000,1213.51000000,1198.57000000,1198.58000000,17444.34461000,1610895599999,21061659.10240490,14864,8489.28354000,10252688.27454110,0
1610895600000,1198.58000000,1241.00000000,1198.56000000,1240.80000000,51305.78027000,1610897399999,63042650.10732130,35689,28507.33142000,35018904.49051210,0
1610897400000,1240.91000000,1246.92000000,1231.10000000,1241.17000000,34355.94706000,1610899199999,42607320.01521100,25731,18279.86945000,22673665.40729880,0
1610899200000,1241.35000000,1247.00000000,1220.00000000,1240.80000000,32785.47168000,1610900999999,40587087.55449880,26659,15341.54638000,19002301.55210850,0
1610901000000,1240.71000000,1251.00000000,1235.48000000,1239.35000000,31422.76582000,1610902799999,39102486.94354150,22137,17700.92064000,22036339.17021280,0
1610902800000,1239.17000000,1244.48000000,1229.33000000,1230.00000000,19190.41239000,1610904599999,23741254.25227450,16082,10024.97846000,12405989.14299720,0
1610904600000,1230.00000000,1232.62000000,1223.30000000,1232.21000000,18670.20625000,1610906399999,22918810.73115720,16926,9393.75690000,11532842.85939260,0
1610906400000,1232.33000000,1235.38000000,1225.71000000,1231.51000000,11404.61659000,1610908199999,14039961.48988050,11174,5191.35427000,6391129.16331560,0
1610908200000,1231.51000000,1234.11000000,1225.61000000,1226.55000000,10386.38724000,1610909999999,12772364.75009670,11704,4869.53314000,5988373.08826550,0
1610910000000,1226.55000000,1241.05000000,1226.55000000,1234.81000000,16507.72592000,1610911799999,20401175.53870900,16769,8594.91246000,10623702.25469230,0
1610911800000,1234.95000000,1236.50000000,1210.54000000,1218.30000000,19634.39116000,1610913599999,24036415.87675150,21686,9011.05260000,11034502.67215070,0
1610913600000,1218.35000000,1229.24000000,1218.33000000,1224.85000000,13283.65031000,1610915399999,16260088.98857760,16751,8067.04709000,9876334.89552100,0
1610915400000,1224.85000000,1239.00000000,1224.57000000,1237.58000000,14084.81759000,1610917199999,17363137.09124660,16835,7297.69043000,8997138.72433060,0
1610917200000,1237.91000000,1263.00000000,1235.78000000,1261.29000000,37324.31921000,1610918999999,46746947.44170130,40361,23378.98117000,29278175.81762860,0
1610919000000,1261.31000000,1266.59000000,1256.44000000,1261.30000000,26028.73720000,1610920799999,32866429.03402030,28288,13640.11622000,17224142.61312530,0
1610920800000,1261.61000000,1269.02000000,1250.76000000,1257.17000000,17785.61294000,1610922599999,22419092.61739930,22134,8903.83841000,11225876.95105690,0
1610922600000,1257.11000000,1266.00000000,1236.00000000,1245.99000000,18861.51131000,1610924399999,23588157.61347560,24115,8544.01379000,10688805.06931710,0
1610924400000,1245.95000000,1254.71000000,1242.47000000,1252.61000000,17065.62114000,1610926199999,21314134.05886030,24699,8785.69343000,10975795.17074780,0
1610926200000,1252.61000000,1253.49000000,1224.00000000,1232.45000000,27673.77034000,1610927999999,34242403.15557070,30378,13559.08836000,16772255.35276710,0
1610928000000,1232.50000000,1241.84000000,1226.15000000,1238.66000000,24681.52027000,1610929799999,30515192.90235780,21383,13017.33826000,16098594.91529070,0
1610929800000,1238.80000000,1247.18000000,1233.93000000,1242.66000000,20885.87110000,1610931599999,25907144.94173760,15835,10506.50498000,13033109.25038620,0
1610931600000,1242.72000000,1247.73000000,1225.68000000,1230.36000000,18505.58303000,1610933399999,22854285.42982270,17634,8313.59366000,10270125.23297710,0
1610933400000,1230.63000000,1242.50000000,1230.60000000,1239.52000000,12974.33944000,1610935199999,16058615.66896610,13442,6941.79164000,8592683.21067210,0
1610935200000,1239.39000000,1243.66000000,1233.72000000,1239.38000000,10803.67804000,1610936999999,13381012.61724780,11162,5831.44950000,7224737.26110370,0
1610937000000,1239.38000000,1240.88000000,1220.00000000,1221.33000000,23516.05043000,1610938799999,28864102.79393360,19876,11681.48793000,14344973.95672140,0
1610938800000,1221.32000000,1225.78000000,1197.00000000,1200.05000000,44203.54213000,1610940599999,53509952.17897400,42351,17218.30984000,20855235.95674530,0
1610940600000,1200.01000000,1203.82000000,1182.58000000,1194.07000000,52505.45964000,1610942399999,62669634.67197860,49696,23668.13350000,28261980.93254690,0
1610942400000,1194.07000000,1206.06000000,1190.50000000,1202.00000000,21687.74704000,1610944199999,25999230.86759340,26927,11919.70069000,14290039.37222840,0
1610944200000,1201.97000000,1204.44000000,1190.91000000,1201.94000000,19166.03602000,1610945999999,22967375.33598470,28631,9515.47508000,11407383.94794070,0
1610946000000,1201.85000000,1205.00000000,1189.37000000,1191.42000000,18772.80897000,1610947799999,22481038.43490820,22008,8000.26490000,9586492.92710900,0
1610947800000,1191.41000000,1210.56000000,1188.00000000,1207.84000000,19402.06294000,1610949599999,23350312.11270630,21425,10862.31921000,13073501.11775460,0
1610949600000,1207.86000000,1210.00000000,1200.27000000,1203.40000000,12180.17070000,1610951399999,14677915.77632410,14078,6380.02708000,7688088.09008180,0
1610951400000,1203.41000000,1206.93000000,1195.56000000,1198.07000000,15819.23665000,1610953199999,18971935.43669730,16245,7368.88469000,8837560.70688540,0
1610953200000,1198.10000000,1220.92000000,1196.01000000,1216.49000000,25123.04162000,1610954999999,30442305.79698330,21436,13873.50759000,16813478.68015280,0
1610955000000,1216.50000000,1227.01000000,1216.49000000,1219.62000000,22858.89807000,1610956799999,27925570.02487210,18308,11551.09527000,14110784.77666410,0
1610956800000,1219.68000000,1228.26000000,1217.10000000,1221.06000000,21065.64202000,1610958599999,25744154.90609680,18352,9843.86798000,12031198.41626340,0
1610958600000,1221.06000000,1227.00000000,1214.99000000,1223.15000000,17400.37505000,1610960399999,21237173.81972210,14900,8415.16394000,10271068.37547870,0
1610960400000,1223.13000000,1234.23000000,1220.68000000,1225.82000000,24279.92275000,1610962199999,29814375.88205260,20702,13055.62678000,16035454.15675450,0
1610962200000,1225.82000000,1230.57000000,1223.02000000,1230.56000000,13437.33238000,1610963999999,16469238.41459890,12566,6821.62800000,8361700.22484190,0
1610964000000,1230.49000000,1230.68000000,1217.56000000,1222.99000000,17760.95534000,1610965799999,21721289.38945100,18255,7807.91156000,9550668.86371640,0
1610965800000,1222.99000000,1228.00000000,1218.88000000,1223.73000000,16898.92150000,1610967599999,20685976.36205710,15503,9374.72749000,11474641.35272210,0
1610967600000,1223.73000000,1224.85000000,1209.00000000,1220.01000000,22708.43233000,1610969399999,27594968.64621140,25679,11097.95855000,13486819.04848670,0
1610969400000,1220.01000000,1228.90000000,1211.60000000,1225.43000000,18345.43900000,1610971199999,22408286.86852930,23303,9283.27664000,11344883.10820760,0
1610971200000,1225.43000000,1254.50000000,1223.07000000,1241.18000000,61075.25133000,1610972999999,76038107.21397950,47141,32816.10942000,40850837.87477540,0
1610973000000,1241.19000000,1247.95000000,1238.43000000,1243.75000000,30081.28727000,1610974799999,37430116.51204900,26247,16449.87639000,20469967.13980930,0
1610974800000,1243.63000000,1249.60000000,1238.26000000,1242.25000000,23992.33405000,1610976599999,29832692.63218440,21420,12661.03421000,15742154.47637870,0
1610976600000,1242.25000000,1251.00000000,1240.21000000,1243.99000000,23522.25902000,1610978399999,29297561.81950110,20447,12864.23127000,16023729.45666750,0
1610978400000,1244.00000000,1255.50000000,1243.37000000,1248.50000000,21371.29876000,1610980199999,26713627.95219570,21708,12400.29047000,15500786.83285480,0
1610980200000,1248.50000000,1249.73000000,1221.00000000,1237.03000000,41027.73040000,1610981999999,50530546.52403550,34987,20226.11729000,24902010.39342210,0
1610982000000,1237.03000000,1243.50000000,1232.48000000,1235.84000000,15362.23747000,1610983799999,19033820.19759050,14490,7985.24870000,9893540.15470960,0
1610983800000,1235.87000000,1242.75000000,1230.20000000,1240.36000000,13457.34325000,1610985599999,16658671.13339520,13247,6674.75193000,8263799.98493750,0
1610985600000,1240.21000000,1248.48000000,1224.00000000,1234.32000000,25403.85914000,1610987399999,31366643.52759620,21781,12124.65426000,14980054.91192820,0
1610987400000,1234.35000000,1237.00000000,1227.48000000,1230.01000000,11088.83577000,1610989199999,13669877.61410070,11597,5369.98734000,6620618.93451010,0
1610989200000,1230.04000000,1235.00000000,1213.47000000,1216.00000000,27734.07393000,1610990999999,33914876.87056890,22375,11445.72603000,13994924.97616040,0
1610991000000,1216.01000000,1223.78000000,1211.66000000,1218.58000000,19801.26180000,1610992799999,24128448.28331040,16553,8830.16759000,10762187.83775880,0
1610992800000,1218.58000000,1225.43000000,1214.44000000,1221.49000000,18490.90473000,1610994599999,22556904.00497730,14652,8918.21226000,10880875.77375390,0
1610994600000,1221.49000000,1223.00000000,1213.87000000,1218.29000000,16650.70982000,1610996399999,20289818.14105780,13388,8486.83705000,10341082.02435390,0
1610996400000,1218.35000000,1233.33000000,1216.22000000,1227.97000000,21392.43082000,1610998199999,26270966.20277860,19362,12505.15687000,15356039.32673790,0
1610998200000,1227.97000000,1230.48000000,1223.06000000,1227.67000000,9576.21372000,1610999999999,11750607.86565720,9955,4958.26339000,6084752.38489350,0
1611000000000,1227.68000000,1230.75000000,1222.52000000,1228.23000000,8191.59514000,1611001799999,10048035.87184890,9226,3965.24412000,4864114.32479440,0
1611001800000,1228.48000000,1233.78000000,1225.73000000,1226.08000000,11538.77800000,1611003599999,14191038.74051300,10726,5325.38163000,6549924.56866480,0
1611003600000,1226.23000000,1236.52000000,1225.95000000,1233.70000000,11334.27548000,1611005399999,13966685.85688790,11844,5777.53332000,7120028.61767700,0
1611005400000,1233.85000000,1236.81000000,1231.00000000,1233.22000000,6832.02767000,1611007199999,8427605.59653150,7868,3218.61896000,3970576.38284070,0
1611007200000,1233.23000000,1240.16000000,1232.52000000,1233.92000000,8674.23744000,1611008999999,10726606.84987720,11648,3991.93066000,4937650.44031120,0
1611009000000,1233.99000000,1243.31000000,1233.99000000,1240.90000000,8560.21601000,1611010799999,10609295.44536770,9996,4726.72781000,5858336.28492440,0
1611010800000,1240.79000000,1243.31000000,1233.05000000,1243.00000000,11204.78322000,1611012599999,13882794.57890630,11029,5017.44234000,6216835.58188240,0
1611012600000,1242.99000000,1260.75000000,1242.01000000,1258.45000000,36703.10003000,1611014399999,46041602.02254340,29220,20669.65195000,25918472.99912830,0
1611014400000,1258.52000000,1274.00000000,1251.49000000,1254.77000000,47663.00939000,1611016199999,60200346.83435150,43743,24042.30983000,30378092.52707230,0
1611016200000,1254.77000000,1264.68000000,1253.10000000,1261.56000000,18068.28235000,1611017999999,22726891.72569080,20210,8996.89496000,11317722.90265330,0
1611018000000,1261.79000000,1308.15000000,1261.74000000,1304.50000000,77462.83632000,1611019799999,99676857.36542250,60757,49033.02410000,63135688.53588690,0
1611019800000,1304.68000000,1334.99000000,1303.87000000,1316.90000000,121832.49505000,1611021599999,160890696.70510850,76407,64281.44215000,84904795.72934370,0
1611021600000,1316.89000000,1331.00000000,1313.92000000,1323.67000000,55889.99578000,1611023399999,73899030.37156090,37381,26698.78046000,35310198.99511510,0
1611023400000,1323.68000000,1342.88000000,1319.00000000,1339.25000000,59690.04148000,1611025199999,79536440.39978100,41368,30995.98418000,41317637.31021420,0
1611025200000,1339.25000000,1345.00000000,1325.00000000,1329.84000000,49563.04800000,1611026999999,66098789.32334990,35432,23059.85443000,30750849.14307290,0
1611027000000,1329.84000000,1332.17000000,1317.03000000,1321.50000000,36534.69460000,1611028799999,48414304.11302380,26179,17229.23526000,22833193.55014070,0
1611028800000,1321.58000000,1331.20000000,1319.05000000,1324.68000000,22967.92628000,1611030599999,30455696.44684210,17206,11572.62974000,15346256.72725920,0
1611030600000,1324.91000000,1328.37000000,1302.18000000,1303.87000000,37794.03043000,1611032399999,49655988.75865960,28305,18505.66570000,24312692.62628490,0
1611032400000,1304.30000000,1322.93000000,1303.64000000,1321.40000000,27083.41111000,1611034199999,35644139.48961310,21842,14287.46892000,18806358.30694090,0
1611034200000,1321.40000000,1327.58000000,1314.49000000,1321.27000000,22846.02914000,1611035999999,30164970.70476070,19296,11386.37664000,15034376.93228050,0
1611036000000,1321.33000000,1334.01000000,1317.00000000,1329.63000000,29800.35616000,1611037799999,39604084.18720190,24119,14980.10297000,19905906.95946890,0
1611037800000,1329.63000000,1339.50000000,1324.61000000,1330.11000000,27765.47496000,1611039599999,37030031.95441000,24569,14761.47453000,19692096.04235180,0
1611039600000,1330.24000000,1333.53000000,1322.58000000,1333.13000000,22340.10987000,1611041399999,29679603.18756750,24981,10867.38593000,14436785.87699940,0
1611041400000,1333.13000000,1379.64000000,1327.49000000,1375.00000000,96552.52177000,1611043199999,131181180.84768420,75613,55955.86390000,76019683.90683820,0
1611043200000,1374.73000000,1389.43000000,1362.77000000,1382.96000000,79012.62083000,1611044999999,108827736.80249520,58716,44167.87836000,60840334.40189620,0
1611045000000,1383.05000000,1387.57000000,1366.36000000,1375.56000000,43236.59556000,1611046799999,59620779.04523990,41677,20000.75767000,27585737.66742870,0
1611046800000,1375.55000000,1381.38000000,1370.16000000,1379.66000000,29306.53119000,1611048599999,40350864.61668420,22446,14846.14800000,20443587.44627070,0
1611048600000,1379.66000000,1396.61000000,1375.16000000,1379.55000000,50829.98087000,1611050399999,70457647.62819720,36733,26489.17223000,36724509.91336460,0
1611050400000,1379.67000000,1394.00000000,1379.66000000,1386.02000000,28572.98129000,1611052199999,39652381.46153190,23690,14071.97154000,19530702.42835160,0
1611052200000,1386.01000000,1386.23000000,1362.87000000,1385.27000000,49252.47057000,1611053999999,67691431.15083410,33419,23600.92578000,32438723.38962000,0
1611054000000,1385.27000000,1400.00000000,1381.42000000,1395.98000000,48588.10097000,1611055799999,67633252.13359360,37520,27536.65869000,38353100.99271760,0
1611055800000,1395.98000000,1433.00000000,1391.00000000,1429.56000000,112952.88140000,1611057599999,159563679.99569690,71224,66319.15218000,93632903.55307970,0
1611057600000,1429.47000000,1438.30000000,1401.69000000,1407.00000000,84741.54961000,1611059399999,120189092.19770230,64630,40004.55657000,56751517.13112600,0
1611059400000,1407.22000000,1413.93000000,1371.00000000,1386.07000000,81127.10958000,1611061199999,112944177.00594920,62278,36186.78510000,50399633.11673370,0
1611061200000,1386.02000000,1405.62000000,1385.64000000,1401.45000000,34055.19874000,1611062999999,47615089.11586480,42050,16998.10187000,23766025.66339000,0
1611063000000,1401.45000000,1420.80000000,1397.26000000,1417.31000000,40139.79605000,1611064799999,56640009.97120650,46460,21427.12024000,30252987.03890320,0
1611064800000,1417.23000000,1424.24000000,1394.76000000,1407.95000000,35327.14556000,1611066599999,49789684.64602110,32305,15776.13508000,22246412.31330550,0
1611066600000,1407.95000000,1421.00000000,1403.81000000,1406.44000000,29204.22384000,1611068399999,41237795.50954500,27456,15297.51489000,21605944.65970950,0
1611068400000,1406.43000000,1407.50000000,1382.76000000,1400.94000000,43405.51925000,1611070199999,60516459.69407800,38083,20830.61759000,29043021.35924040,0
1611070200000,1401.14000000,1414.44000000,1399.00000000,1413.95000000,28832.28680000,1611071999999,40558430.47053530,28911,14715.08463000,20704055.60957830,0
1611072000000,1414.09000000,1437.59000000,1405.28000000,1423.34000000,85842.14147000,1611073799999,122395871.60390050,63011,45012.53996000,64200227.31424380,0
1611073800000,1423.35000000,1428.75000000,1410.09000000,1422.93000000,33206.37641000,1611075599999,47135992.45837310,28904,18506.63114000,26273937.43199230,0
1611075600000,1422.94000000,1432.68000000,1410.20000000,1410.93000000,28092.69676000,1611077399999,39940906.60798340,24379,14285.12631000,20318189.54455640,0
1611077400000,1410.92000000,1423.25000000,1410.32000000,1416.13000000,17614.17336000,1611079199999,24977250.72807200,17450,9727.10360000,13793434.05412750,0
1611079200000,1416.14000000,1416.27000000,1388.48000000,1396.54000000,41503.35050000,1611080999999,58130446.98453570,38010,18570.42311000,26013814.90141180,0
1611081000000,1396.54000000,1403.21000000,1364.81000000,1368.44000000,60241.82584000,1611082799999,83115993.35575430,46475,26319.27675000,36317102.17337330,0
1611082800000,1368.43000000,1382.47000000,1341.78000000,1357.71000000,83911.24067000,1611084599999,114570746.12444490,56217,31406.98495000,42911148.58248030,0
1611084600000,1357.99000000,1371.02000000,1334.41000000,1359.60000000,73412.28227000,1611086399999,99304032.77332600,52075,37161.71241000,50302292.45795380,0
1611086400000,1359.59000000,1383.38000000,1350.00000000,1372.50000000,60900.98299000,1611088199999,83359867.14634000,39548,30734.95644000,42088876.12889380,0
1611088200000,1372.47000000,1387.95000000,1368.27000000,1383.91000000,27970.34728000,1611089999999,38591047.45745070,24665,14762.61683000,20370456.23740860,0
1611090000000,1383.86000000,1407.00000000,1381.35000000,1399.02000000,38044.58510000,1611091799999,53210820.32087190,32086,19934.66927000,27873183.49126160,0
1611091800000,1398.87000000,1420.00000000,1393.88000000,1409.43000000,30628.42174000,1611093599999,43172907.17383750,29585,16709.78168000,23559375.01848020,0
1611093600000,1409.38000000,1424.96000000,1401.29000000,1408.33000000,28269.48654000,1611095399999,40005571.44818110,43169,14594.84939000,20661605.77255450,0
1611095400000,1408.41000000,1419.90000000,1394.62000000,1409.73000000,27523.78190000,1611097199999,38773662.72161460,41127,12983.38478000,18292807.85085720,0
1611097200000,1409.73000000,1415.38000000,1387.26000000,1390.64000000,25768.73410000,1611098999999,36103488.82750990,21249,11911.79477000,16696898.23723590,0
1611099000000,1390.64000000,1397.29000000,1365.16000000,1365.36000000,43482.87585000,1611100799999,60044754.33791000,37525,20484.47742000,28298921.70729110,0
1611100800000,1365.36000000,1404.61000000,1355.00000000,1398.87000000,57558.47627000,1611102599999,79682581.52673150,46010,29906.74080000,41432798.68197060,0
1611102600000,1398.87000000,1407.93000000,1390.03000000,1405.00000000,29398.73293000,1611104399999,41192633.04957610,23830,14650.41784000,20530421.31554530,0
1611104400000,1405.00000000,1407.50000000,1384.06000000,1389.70000000,29791.01453000,1611106199999,41591647.06816660,24257,14924.00168000,20851605.15794650,0
1611106200000,1389.53000000,1399.45000000,1380.10000000,1385.59000000,23199.90860000,1611107999999,32223717.05613760,22548,11724.06031000,16287193.73775450,0
1611108000000,1385.58000000,1386.19000000,1369.46000000,1384.01000000,37809.35653000,1611109799999,52058952.55559750,30237,16936.90197000,23318917.63634840,0
1611109800000,1384.01000000,1398.63000000,1382.64000000,1398.04000000,18991.42967000,1611111599999,26424334.80875680,19625,10845.82082000,15093495.71572540,0
1611111600000,1398.08000000,1402.00000000,1380.00000000,1381.23000000,31591.88333000,1611113399999,43936026.53703000,25705,15845.62640000,22043548.60527970,0
1611113400000,1381.19000000,1387.62000000,1340.00000000,1344.03000000,85942.32599000,1611115199999,116801176.52025970,61635,38476.65530000,52269323.29773820,0
1611115200000,1344.11000000,1356.00000000,1316.25000000,1352.93000000,93168.94655000,1611116999999,124958116.91142960,65738,45820.66319000,61498985.67103100,0
1611117000000,1352.93000000,1362.02000000,1345.36000000,1356.11000000,31411.88672000,1611118799999,42523697.64119400,28498,18361.59266000,24856007.83278420,0
1611118800000,1356.40000000,1369.28000000,1353.10000000,1369.26000000,22575.31775000,1611120599999,30734307.58019510,21665,10857.25177000,14783242.44747680,0
1611120600000,1369.25000000,1369.98000000,1350.85000000,1368.14000000,24414.72134000,1611122399999,33228624.73073120,21811,11843.11026000,16120849.89172620,0
1611122400000,1368.05000000,1374.96000000,1356.14000000,1367.31000000,31539.51646000,1611124199999,43102484.97172390,24262,16616.58606000,22703633.86004170,0
1611124200000,1367.22000000,1368.45000000,1342.14000000,1348.93000000,35497.04164000,1611125999999,48115739.54549700,24715,15433.27713000,20928440.91947160,0
1611126000000,1349.04000000,1374.32000000,1339.71000000,1373.95000000,39338.47364000,1611127799999,53527638.21065200,33422,22329.98135000,30397201.71347350,0
1611127800000,1373.95000000,1379.60000000,1367.40000000,1369.92000000,25730.89145000,1611129599999,35328870.99545830,25313,12828.44552000,17614553.89556830,0
1611129600000,1369.94000000,1373.46000000,1351.13000000,1369.15000000,28243.45926000,1611131399999,38487518.38073280,24503,15187.23331000,20699925.89901310,0
1611131400000,1368.96000000,1370.25000000,1348.20000000,1349.97000000,27723.28764000,1611133199999,37635006.42965100,22176,12017.55952000,16326881.55989720,0
1611133200000,1349.97000000,1355.59000000,1341.54000000,1342.12000000,28599.02865000,1611134999999,38518029.87052550,28231,14081.85053000,18968582.17189130,0
1611135000000,1342.38000000,1344.76000000,1299.99000000,1310.00000000,121060.61132000,1611136799999,159403820.05691200,85558,53291.98930000,70153266.98204500,0
1611136800000,1310.00000000,1312.00000000,1279.00000000,1307.46000000,121771.38506000,1611138599999,157821776.13312300,82650,59787.38956000,77553932.53618730,0
1611138600000,1307.45000000,1315.54000000,1292.00000000,1303.17000000,48247.66804000,1611140399999,63052256.33941190,37245,25568.63966000,33422053.11521520,0
1611140400000,1303.17000000,1310.03000000,1250.00000000,1258.95000000,129228.90304000,1611142199999,164448478.25016520,92022,55337.27792000,70395972.48455140,0
1611142200000,1258.95000000,1277.88000000,1253.17000000,1265.39000000,67543.77399000,1611143999999,85701704.33017190,50732,31999.44373000,40607161.94665290,0
1611144000000,1265.41000000,1295.89000000,1235.42000000,1294.94000000,122412.26692000,1611145799999,154869404.79050040,88537,56564.28770000,71644710.03170890,0
1611145800000,1294.94000000,1298.50000000,1280.59000000,1293.26000000,39172.55097000,1611147599999,50557232.59125990,36762,20914.17692000,26992279.84727670,0
1611147600000,1293.28000000,1294.94000000,1261.17000000,1279.32000000,55068.48778000,1611149399999,70165793.83874420,52729,26746.76233000,34073971.75017230,0
1611149400000,1279.09000000,1311.29000000,1275.61000000,1310.43000000,49229.48672000,1611151199999,63881041.62094380,52563,27755.80766000,36031813.56444860,0
1611151200000,1310.43000000,1321.95000000,1302.02000000,1319.41000000,49634.05613000,1611152999999,65135777.92010670,40403,24874.34473000,32656386.62737950,0
1611153000000,1319.41000000,1319.65000000,1298.39000000,1303.39000000,38221.77224000,1611154799999,50008785.11171840,32377,19453.27219000,25459945.29874000,0
1611154800000,1303.42000000,1317.60000000,1286.29000000,1287.85000000,41424.65694000,1611156599999,54045823.02471420,40782,20961.14916000,27368519.18102160,0
1611156600000,1287.85000000,1295.44000000,1266.45000000,1273.29000000,56704.37827000,1611158399999,72653116.83513700,46791,28040.54342000,35932472.15446440,0
1611158400000,1273.17000000,1311.95000000,1248.59000000,1304.88000000,137528.00737000,1611160199999,175483169.38936110,86130,68900.75543000,87971242.83307080,0
1611160200000,1304.87000000,1312.00000000,1291.17000000,1311.32000000,37573.51919000,1611161999999,48990821.68696360,30938,20589.67141000,26857959.21634390,0
1611162000000,1311.39000000,1315.00000000,1294.51000000,1296.76000000,25496.60126000,1611163799999,33254248.46424120,25524,12650.77214000,16503901.52027000,0
1611163800000,1296.76000000,1317.79000000,1288.02000000,1311.52000000,34802.95540000,1611165599999,45456710.95103220,29783,18968.41979000,24778912.02961790,0
1611165600000,1311.51000000,1321.52000000,1305.89000000,1314.36000000,26135.12283000,1611167399999,34339919.70321240,23449,13128.45913000,17253953.79189640,0
1611167400000,1314.37000000,1318.00000000,1302.10000000,1317.99000000,21384.41726000,1611169199999,28025330.70365420,20009,11126.82460000,14587635.10922840,0
1611169200000,1317.71000000,1334.52000000,1313.92000000,1327.08000000,33382.63051000,1611170999999,44242075.35722910,29205,18333.44348000,24294852.68533990,0
1611171000000,1327.22000000,1350.00000000,1315.00000000,1345.80000000,32429.74781000,1611172799999,43300873.04656600,31446,17761.01700000,23721653.94454660,0
1611172800000,1345.81000000,1355.00000000,1332.20000000,1335.26000000,33866.84442000,1611174599999,45530419.79642710,34468,18569.63568000,24968767.00650810,0
1611174600000,1335.45000000,1343.58000000,1323.32000000,1332.15000000,23299.93830000,1611176399999,31092063.66693620,22634,12505.48997000,16686407.36842540,0
1611176400000,1332.21000000,1340.48000000,1305.00000000,1311.29000000,30174.94651000,1611178199999,39748228.97828200,28716,14550.01561000,19166121.33235280,0
1611178200000,1311.29000000,1325.27000000,1310.77000000,1323.10000000,15960.72166000,1611179999999,21041448.15567650,16141,8845.93219000,11663151.37788770,0
1611180000000,1323.10000000,1335.50000000,1315.00000000,1329.32000000,14403.53275000,1611181799999,19096661.09963590,31716,6745.36367000,8946265.42252940,0
1611181800000,1329.31000000,1341.84000000,1324.33000000,1333.84000000,13142.94893000,1611183599999,17535968.99059910,30646,7155.98615000,9548149.90986050,0
1611183600000,1334.14000000,1366.00000000,1321.00000000,1364.48000000,35911.07224000,1611185399999,48318208.38331360,41413,19779.17445000,26633952.69703150,0
1611185400000,1364.49000000,1389.42000000,1357.24000000,1376.99000000,61398.91863000,1611187199999,84384032.86091550,56703,33787.26620000,46430128.01439940,0
1611187200000,1376.72000000,1390.00000000,1361.00000000,1364.97000000,39409.73652000,1611188999999,54043557.60042130,46919,19258.01038000,26409699.00604970,0
1611189000000,1365.61000000,1367.62000000,1353.58000000,1363.48000000,26367.63850000,1611190799999,35877604.13775480,35029,12822.48665000,17448460.34115170,0
1611190800000,1363.48000000,1369.00000000,1347.41000000,1354.18000000,28714.96640000,1611192599999,38890881.43537630,25523,13883.73277000,18807416.67326080,0
1611192600000,1354.18000000,1361.47000000,1328.62000000,1336.80000000,46789.04498000,1611194399999,62792033.76335820,36417,22142.74054000,29715609.96003770,0
1611194400000,1336.98000000,1342.85000000,1321.73000000,1330.45000000,37718.98277000,1611196199999,50174144.40358490,27111,20292.18639000,26982027.54359560,0
1611196200000,1330.25000000,1335.58000000,1313.17000000,1329.00000000,37645.96508000,1611197999999,49857933.88364060,27177,18834.10212000,24968372.79731530,0
1611198000000,1328.95000000,1338.93000000,1315.00000000,1321.35000000,27835.66867000,1611199799999,36980091.29941470,22506,12874.97951000,17104842.42592070,0
1611199800000,1321.44000000,1330.00000000,1308.30000000,1326.50000000,29607.34925000,1611201599999,39027669.14225110,25213,15251.36316000,20108023.68763650,0
1611201600000,1326.01000000,1335.00000000,1322.21000000,1330.02000000,16414.93829000,1611203399999,21829724.75288470,14128,8744.73511000,11628619.19672550,0
1611203400000,1330.07000000,1336.22000000,1280.75000000,1287.34000000,72283.13871000,1611205199999,93918469.71215070,50230,29006.52388000,37738164.11820580,0
1611205200000,1287.65000000,1299.41000000,1278.99000000,1288.83000000,47843.53326000,1611206999999,61709560.41402620,37665,24848.85834000,32065933.84411060,0
1611207000000,1288.83000000,1307.86000000,1288.67000000,1305.55000000,22574.70772000,1611208799999,29345414.02662440,18291,11930.29997000,15510121.30468330,0
1611208800000,1305.54000000,1315.60000000,1303.77000000,1309.97000000,20154.71145000,1611210599999,26401923.64873450,17450,9639.43503000,12628610.53110540,0
1611210600000,1309.97000000,1316.60000000,1299.01000000,1308.65000000,21521.03727000,1611212399999,28116946.45060870,20106,10195.30205000,13321466.99968720,0
1611212400000,1308.52000000,1319.99000000,1301.00000000,1315.59000000,19209.20519000,1611214199999,25183494.57299360,19204,9492.04686000,12451080.17264650,0
1611214200000,1315.67000000,1323.66000000,1307.14000000,1309.62000000,15024.83680000,1611215999999,19775067.97424790,15552,7733.51940000,10181568.15517590,0
1611216000000,1309.53000000,1312.38000000,1284.07000000,1291.42000000,38636.50425000,1611217799999,50099767.72255200,30944,19917.12822000,25838771.56228610,0
1611217800000,1291.43000000,1292.05000000,1260.00000000,1261.10000000,97101.72231000,1611219599999,123613473.65973080,62662,43109.42852000,54901578.25641220,0
1611219600000,1260.88000000,1274.57000000,1246.82000000,1247.58000000,43602.55311000,1611221399999,54955152.91270030,32091,19006.73376000,23975060.05448850,0
1611221400000,1247.58000000,1276.00000000,1231.00000000,1261.06000000,86179.26810000,1611223199999,108101207.11694820,60812,41197.34746000,51723344.39167520,0
1611223200000,1261.06000000,1267.04000000,1222.00000000,1248.57000000,83777.73101000,1611224999999,103990079.54246390,60727,41756.82682000,51831589.63447100,0
1611225000000,1248.79000000,1261.42000000,1245.11000000,1249.48000000,51568.44218000,1611226799999,64681021.60808140,37819,26639.37503000,33416650.44615670,0
1611226800000,1249.48000000,1257.09000000,1238.31000000,1241.57000000,42462.23263000,1611228599999,53027601.80847350,32777,20437.08023000,25522948.15819280,0
1611228600000,1241.57000000,1257.86000000,1234.10000000,1236.31000000,41633.92249000,1611230399999,51834436.45703720,33292,21297.94556000,26522452.26316630,0
1611230400000,1236.43000000,1241.50000000,1190.00000000,1208.85000000,132505.92714000,1611232199999,160259337.78583610,91810,61158.62908000,73972193.10782470,0
1611232200000,1208.55000000,1252.26000000,1206.68000000,1242.20000000,66413.92981000,1611233999999,82096054.74807490,48917,31715.40895000,39194357.12041620,0
1611234000000,1242.33000000,1258.50000000,1232.21000000,1254.64000000,46622.21882000,1611235799999,58105290.44521860,37751,25311.64544000,31554654.85312150,0
1611235800000,1254.64000000,1260.00000000,1233.17000000,1237.43000000,33798.19937000,1611237599999,42156112.45572860,28225,17152.02998000,21405209.34387900,0
1611237600000,1237.19000000,1245.00000000,1214.66000000,1219.03000000,52068.85091000,1611239399999,63869436.47673260,44473,25468.97624000,31248550.58275290,0
1611239400000,1219.42000000,1233.00000000,1195.41000000,1204.41000000,71017.54537000,1611241199999,86122193.45173840,55615,33317.28533000,40426914.42956010,0
1611241200000,1204.41000000,1232.00000000,1197.10000000,1207.13000000,55287.01574000,1611242999999,67237545.75188430,42457,27213.37569000,33117515.26084600,0
1611243000000,1207.12000000,1219.78000000,1185.75000000,1188.68000000,65443.47402000,1611244799999,78644138.09709010,50264,31484.60280000,37847094.39322840,0
1611244800000,1188.54000000,1220.39000000,1164.00000000,1205.76000000,93181.84266000,1611246599999,111401601.96965160,71615,45844.32237000,54845095.23431930,0
1611246600000,1205.85000000,1214.00000000,1169.59000000,1170.41000000,49858.26781000,1611248399999,59239180.43891250,46672,22984.17318000,27331975.74363010,0
1611248400000,1170.40000000,1194.26000000,1166.00000000,1190.40000000,56297.38132000,1611250199999,66482657.94196530,42883,29284.38673000,34594602.58019560,0
1611250200000,1190.41000000,1200.22000000,1180.50000000,1195.58000000,31721.52574000,1611251999999,37855845.53233060,25668,17369.15517000,20733368.65328090,0
1611252000000,1195.95000000,1201.51000000,1182.00000000,1196.95000000,24621.70633000,1611253799999,29330163.92825800,23602,12592.92047000,15006193.27323690,0
1611253800000,1197.07000000,1203.00000000,1184.66000000,1191.10000000,24231.26367000,1611255599999,28907269.86089160,22831,10313.15151000,12313019.48350800,0
1611255600000,1191.00000000,1236.00000000,1186.67000000,1236.00000000,39738.60248000,1611257399999,48330483.30143890,32488,22222.15061000,27002281.13447430,0
1611257400000,1235.99000000,1238.90000000,1227.00000000,1231.18000000,30314.38731000,1611259199999,37341394.34801280,25263,15111.54540000,18618029.71143730,0
1611259200000,1231.02000000,1235.00000000,1215.99000000,1218.45000000,26718.33474000,1611260999999,32689449.13537600,30750,13661.67128000,16714026.35863470,0
1611261000000,1218.45000000,1227.83000000,1204.08000000,1205.18000000,17074.03706000,1611262799999,20792717.65109250,27397,8492.80134000,10348769.85809660,0
1611262800000,1205.37000000,1224.00000000,1204.16000000,1213.77000000,15046.49500000,1611264599999,18274612.56660900,16181,7896.67271000,9590659.84172510,0
1611264600000,1213.90000000,1214.19000000,1170.00000000,1171.91000000,42241.69508000,1611266399999,50087258.96197020,33885,16870.92130000,20025811.47747100,0
1611266400000,1171.47000000,1172.55000000,1106.00000000,1106.39000000,80312.40685000,1611268199999,91910837.10560890,72342,31939.92774000,36627174.14598990,0
1611268200000,1106.39000000,1140.72000000,1086.00000000,1135.53000000,97896.24224000,1611269999999,109236320.88630390,76538,45760.29118000,51125913.16904070,0
1611270000000,1135.58000000,1158.00000000,1125.88000000,1135.95000000,53951.22874000,1611271799999,61612925.75763600,45390,27952.09309000,31918743.41983090,0
1611271800000,1136.26000000,1152.69000000,1109.23000000,1110.96000000,53724.38850000,1611273599999,60802428.13654920,40796,26911.64283000,30488065.50242820,0
1611273600000,1111.98000000,1124.33000000,1042.38000000,1069.32000000,147166.52726000,1611275399999,159225728.19425600,107911,63197.41410000,68588070.38041980,0
1611275400000,1069.32000000,1096.40000000,1049.00000000,1066.54000000,142107.21006000,1611277199999,152674351.02385900,101663,74809.49126000,80411308.35694420,0
1611277200000,1066.77000000,1083.31000000,1042.31000000,1076.52000000,94121.22544000,1611278999999,100086644.73106010,73768,48724.32961000,51834330.25629290,0
1611279000000,1076.52000000,1135.00000000,1074.20000000,1125.12000000,95231.46061000,1611280799999,105629667.64100770,68250,48089.88264000,53315201.03901530,0
1611280800000,1125.07000000,1161.10000000,1115.80000000,1141.86000000,72627.20648000,1611282599999,82573258.25212080,62296,37507.94611000,42662216.86206300,0
1611282600000,1141.88000000,1159.91000000,1133.70000000,1157.59000000,45063.28869000,1611284399999,51565356.09981640,43402,23367.67183000,26755572.24116710,0
1611284400000,1157.59000000,1161.42000000,1126.44000000,1142.80000000,39637.66577000,1611286199999,45216557.77202910,34063,19029.69385000,21703249.27805360,0
1611286200000,1142.80000000,1164.00000000,1140.83000000,1160.73000000,31552.82713000,1611287999999,36360314.07674380,29320,17406.36021000,20063322.14099690,0
1611288000000,1160.65000000,1189.00000000,1156.86000000,1175.39000000,57483.10193000,1611289799999,67539633.34453250,49327,32173.60458000,37801390.64522300,0
1611289800000,1175.10000000,1181.76000000,1152.21000000,1158.57000000,34288.24202000,1611291599999,39959093.55390980,36139,18028.74297000,21016504.07481090,0
1611291600000,1158.61000000,1173.87000000,1147.11000000,1172.61000000,36922.64520000,1611293399999,42812731.91749080,35704,20130.09061000,23359633.88215440,0
1611293400000,1172.60000000,1184.45000000,1169.69000000,1174.28000000,40754.62134000,1611295199999,47972547.56946100,37083,19950.15493000,23484650.73179960,0
1611295200000,1174.51000000,1178.57000000,1160.00000000,1174.91000000,38555.37745000,1611296999999,45061887.67537030,30813,18332.90186000,21433568.50644960,0
1611297000000,1174.91000000,1177.54000000,1160.00000000,1162.92000000,29623.33206000,1611298799999,34573620.34691070,28244,13754.43615000,16051433.53127030,0
1611298800000,1163.09000000,1176.55000000,1147.33000000,1147.61000000,32795.98436000,1611300599999,38224790.29949790,26265,15511.14282000,18076910.05204360,0
1611300600000,1147.61000000,1158.89000000,1132.00000000,1143.58000000,47982.42739000,1611302399999,54787680.03180730,37108,23730.71675000,27116759.63574240,0
1611302400000,1143.57000000,1152.03000000,1121.49000000,1142.58000000,46298.57867000,1611304199999,52583319.06916540,36977,23432.36215000,26630064.09207910,0
1611304200000,1142.75000000,1167.52000000,1140.00000000,1164.13000000,41140.06875000,1611305999999,47525894.67833870,28820,23716.18362000,27410395.41044410,0
1611306000000,1164.07000000,1170.83000000,1153.01000000,1169.49000000,35859.36619000,1611307799999,41651418.40256830,27913,19666.34824000,22841879.31474210,0
1611307800000,1169.45000000,1182.00000000,1162.48000000,1171.24000000,36850.34381000,1611309599999,43229452.20734630,28592,20282.76490000,23807650.97132820,0
1611309600000,1171.24000000,1182.73000000,1157.41000000,1163.41000000,44097.58397000,1611311399999,51549386.08725700,32628,22574.38094000,26389862.99101570,0
1611311400000,1163.51000000,1179.46000000,1159.92000000,1177.41000000,27381.43084000,1611313199999,32006791.40437150,24579,13260.06421000,15507117.58444340,0
1611313200000,1177.48000000,1210.95000000,1176.23000000,1200.69000000,77575.63149000,1611314999999,92837142.79721000,46681,40540.65964000,48511004.84278490,0
1611315000000,1200.70000000,1205.21000000,1190.00000000,1197.57000000,38680.62139000,1611316799999,46359436.14372660,27167,20634.17269000,24738941.30657990,0
1611316800000,1197.36000000,1222.20000000,1197.35000000,1202.66000000,45176.63932000,1611318599999,54722914.89664270,37317,24569.58238000,29766180.04213690,0
1611318600000,1202.76000000,1213.00000000,1195.60000000,1203.92000000,26898.91873000,1611320399999,32351724.25314330,22250,14171.62945000,17047085.78078580,0
1611320400000,1203.86000000,1226.46000000,1193.28000000,1223.77000000,44579.04315000,1611322199999,54025531.11108500,29094,24126.05092000,29240334.93778990,0
1611322200000,1223.94000000,1228.50000000,1216.95000000,1219.45000000,32535.48902000,1611323999999,39780581.04374700,25709,16004.23578000,19570813.49535920,0
1611324000000,1219.39000000,1233.68000000,1219.39000000,1232.52000000,34412.62750000,1611325799999,42242140.49234790,28767,17976.12709000,22070422.36509260,0
1611325800000,1232.70000000,1233.88000000,1221.66000000,1232.90000000,27453.95316000,1611327599999,33671647.24256120,22935,14872.53478000,18245423.29415610,0
1611327600000,1233.15000000,1242.01000000,1226.64000000,1231.56000000,37003.37441000,1611329399999,45693128.56703840,28260,20972.27934000,25897128.43970930,0
1611329400000,1231.56000000,1236.99000000,1218.64000000,1232.88000000,27897.51417000,1611331199999,34188482.81434440,24121,13373.80422000,16394310.10275730,0
1611331200000,1233.14000000,1247.89000000,1214.87000000,1246.71000000,48925.14560000,1611332999999,60298925.83265350,40149,28766.18862000,35471983.40665200,0
1611333000000,1246.61000000,1252.82000000,1232.00000000,1238.28000000,35018.40132000,1611334799999,43572750.57007340,29260,17930.73016000,22327580.56861290,0
1611334800000,1238.56000000,1243.28000000,1227.95000000,1230.69000000,19958.96589000,1611336599999,24670997.59796670,17681,9688.72712000,11979467.12541460,0
1611336600000,1230.69000000,1236.00000000,1223.49000000,1234.08000000,20398.35192000,1611338399999,25066459.50100050,17116,11147.37942000,13698157.76027860,0
1611338400000,1234.16000000,1242.00000000,1225.00000000,1235.59000000,19076.49228000,1611340199999,23544283.47686530,17315,9560.41787000,11803405.30148440,0
1611340200000,1235.59000000,1262.50000000,1235.23000000,1261.71000000,37843.69664000,1611341999999,47392346.48711220,30380,19776.37680000,24765001.89770810,0
1611342000000,1261.61000000,1269.00000000,1255.39000000,1266.25000000,31326.46345000,1611343799999,39510124.95671810,26453,13958.70922000,17615384.06915830,0
1611343800000,1266.15000000,1272.29000000,1261.56000000,1267.61000000,23981.50248000,1611345599999,30394185.97362560,20744,12235.26491000,15511397.23073560,0
1611345600000,1267.69000000,1273.79000000,1259.41000000,1270.26000000,22828.91906000,1611347399999,28910541.60971490,19019,13684.99518000,17337988.53718460,0
1611347400000,1270.25000000,1271.90000000,1244.91000000,1248.85000000,28157.54177000,1611349199999,35359421.15110730,23030,12599.78102000,15823702.08662370,0
1611349200000,1248.85000000,1257.78000000,1245.97000000,1255.81000000,18912.34673000,1611350999999,23687740.39965240,31471,11259.30553000,14103745.13592910,0
1611351000000,1255.82000000,1259.00000000,1239.96000000,1243.31000000,19386.84934000,1611352799999,24224162.01317660,31319,8267.82034000,10332551.37271310,0
1611352800000,1243.47000000,1256.89000000,1243.22000000,1254.10000000,9123.50918000,1611354599999,11399213.47750420,10694,5372.63461000,6707507.84681960,0
1611354600000,1254.10000000,1255.39000000,1222.11000000,1225.01000000,22658.72163000,1611356399999,27969457.08393580,21326,10046.29318000,12404787.90505600,0
1611356400000,1224.94000000,1239.86000000,1218.00000000,1236.87000000,26941.92028000,1611358199999,33130707.57082350,23417,14898.56502000,18316706.39380980,0
1611358200000,1236.88000000,1241.00000000,1222.09000000,1232.62000000,26300.06140000,1611359999999,32453659.87485770,19470,13077.90958000,16134500.24714070,0
1611360000000,1232.61000000,1233.33000000,1205.70000000,1218.20000000,46756.85844000,1611361799999,56816012.71022110,41294,22010.70207000,26748045.69392240,0
1611361800000,1218.04000000,1229.49000000,1208.77000000,1228.06000000,24725.05232000,1611363599999,30161394.43502460,25448,13141.92000000,16035661.30674380,0
1611363600000,1228.40000000,1232.10000000,1210.87000000,1227.21000000,24116.90977000,1611365399999,29418554.55576740,28700,10857.49645000,13251404.66441350,0
1611365400000,1227.20000000,1241.58000000,1225.09000000,1232.79000000,22295.79925000,1611367199999,27512187.53552840,26472,11522.70802000,14220157.91595540,0
1611367200000,1232.79000000,1242.85000000,1210.00000000,1221.66000000,22578.03508000,1611368999999,27722222.24906370,31653,9517.31314000,11696304.22173860,0
1611369000000,1221.66000000,1225.97000000,1211.43000000,1219.29000000,16156.23426000,1611370799999,19696536.48745320,24636,7402.53218000,9023153.84216090,0
1611370800000,1219.46000000,1234.20000000,1216.07000000,1228.80000000,12217.50691000,1611372599999,14975912.14716710,17112,6174.93801000,7569668.75807380,0
1611372600000,1228.78000000,1239.38000000,1225.15000000,1231.67000000,13489.43358000,1611374399999,16637668.94619710,16895,7793.87050000,9615435.28481620,0
1611374400000,1231.67000000,1250.66000000,1229.00000000,1247.24000000,20983.34948000,1611376199999,26085822.96246020,18233,11246.81249000,13988379.80151510,0
1611376200000,1247.13000000,1250.93000000,1241.61000000,1247.82000000,12824.68478000,1611377999999,15984576.87637130,11424,6437.61797000,8025500.65225540,0
1611378000000,1247.97000000,1247.98000000,1235.17000000,1243.93000000,13911.82567000,1611379799999,17261322.56450720,12506,7133.35164000,8851588.27240610,0
1611379800000,1243.93000000,1265.51000000,1241.62000000,1263.54000000,24622.93975000,1611381599999,30990350.34216550,22280,13109.08866000,16499417.77078700,0
1611381600000,1263.53000000,1267.00000000,1257.14000000,1257.99000000,15867.99358000,1611383399999,20026141.88050920,16649,7954.72343000,10040260.38711750,0
1611383400000,1257.99000000,1266.30000000,1252.14000000,1253.45000000,14141.99566000,1611385199999,17805415.97424110,14190,7623.08877000,9597571.67711230,0
1611385200000,1253.45000000,1267.45000000,1248.26000000,1265.50000000,16451.80181000,1611386999999,20679684.35151420,14881,7810.47931000,9822824.71074010,0
1611387000000,1265.66000000,1268.49000000,1254.95000000,1259.62000000,16658.36483000,1611388799999,20993450.82139960,13976,7823.45569000,9861448.83186260,0
1611388800000,1259.61000000,1265.99000000,1249.00000000,1265.28000000,18409.91126000,1611390599999,23143539.20032460,16324,8741.75026000,10991357.38665320,0
1611390600000,1265.31000000,1270.00000000,1255.93000000,1266.43000000,19685.79358000,1611392399999,24900320.62669000,19203,10035.58965000,12695221.38322920,0
1611392400000,1266.44000000,1272.44000000,1254.19000000,1256.31000000,24667.45755000,1611394199999,31199298.72364420,20794,12577.09969000,15913459.61173720,0
1611394200000,1256.30000000,1264.99000000,1251.93000000,1256.01000000,17822.94413000,1611395999999,22404604.46720610,16246,9309.39047000,11703952.56914920,0
1611396000000,1256.21000000,1259.00000000,1241.13000000,1243.46000000,28196.43134000,1611397799999,35198037.09503690,22442,12925.93538000,16137063.30425600,0
1611397800000,1243.34000000,1248.38000000,1237.03000000,1246.46000000,22031.21564000,1611399599999,27374092.97970890,17754,11796.33828000,14657233.66441560,0
1611399600000,1246.50000000,1252.94000000,1219.53000000,1219.80000000,44784.19869000,1611401399999,55177300.51972990,38311,21726.50462000,26779832.16286140,0
1611401400000,1219.80000000,1227.68000000,1212.50000000,1219.07000000,34219.31841000,1611403199999,41767941.84026020,33539,17880.78007000,21829791.29736720,0
1611403200000,1219.07000000,1233.90000000,1214.58000000,1223.64000000,24022.28374000,1611404999999,29462599.31276010,20341,13114.39096000,16086310.61889440,0
1611405000000,1223.79000000,1227.96000000,1216.00000000,1217.84000000,21135.51049000,1611406799999,25862053.00778550,16526,9473.42424000,11592851.43098680,0
1611406800000,1217.99000000,1233.94000000,1195.90000000,1231.20000000,48507.33572000,1611408599999,58740682.42414480,39415,23734.16239000,28765384.85268030,0
1611408600000,1231.00000000,1242.08000000,1227.59000000,1231.92000000,24252.07120000,1611410399999,29929749.23886360,23050,12702.75637000,15680729.47772260,0
1611410400000,1231.92000000,1236.19000000,1221.02000000,1227.70000000,17515.34956000,1611412199999,21514448.27755680,17732,8757.28670000,10758880.61313750,0
1611412200000,1227.74000000,1230.72000000,1216.14000000,1219.15000000,14053.26794000,1611413999999,17191821.63745190,14299,6845.86930000,8377110.08512670,0
1611414000000,1218.96000000,1236.22000000,1216.00000000,1234.00000000,16169.09573000,1611415799999,19870146.14121110,15522,8648.35979000,10630121.43526240,0
1611415800000,1234.00000000,1239.34000000,1227.74000000,1230.26000000,17675.16325000,1611417599999,21807401.98203690,13764,7589.02939000,9361584.12392050,0
1611417600000,1230.26000000,1250.92000000,1223.75000000,1249.73000000,28926.59460000,1611419399999,35884194.17031590,23444,13873.59562000,17202351.54784430,0
1611419400000,1249.73000000,1259.86000000,1235.24000000,1242.92000000,38330.16746000,1611421199999,47876085.86854800,29339,18575.41183000,23198277.21482580,0
1611421200000,1243.01000000,1247.39000000,1238.84000000,1242.30000000,16311.04639000,1611422999999,20265122.77473060,12462,8346.89767000,10371524.51246230,0
1611423000000,1242.30000000,1254.80000000,1241.22000000,1252.99000000,16661.22044000,1611424799999,20797873.60784410,14373,9065.08176000,11318097.41445240,0
1611424800000,1252.99000000,1260.66000000,1244.06000000,1246.17000000,30651.53561000,1611426599999,38484419.24797650,24135,16153.88333000,20289251.63191320,0
1611426600000,1246.17000000,1251.51000000,1244.45000000,1249.09000000,13186.84020000,1611428399999,16450906.02423750,10667,7472.90106000,9323713.08066750,0
1611428400000,1248.96000000,1263.13000000,1248.12000000,1257.92000000,17116.58045000,1611430199999,21503020.56530750,14489,9332.19676000,11726257.76608010,0
1611430200000,1257.97000000,1264.00000000,1252.72000000,1257.83000000,14426.92422000,1611431999999,18170685.06738250,13209,8099.85016000,10204683.39240420,0
1611432000000,1257.83000000,1259.86000000,1245.87000000,1252.72000000,16321.92965000,1611433799999,20423610.34436100,14274,8064.17325000,10090673.14249560,0
1611433800000,1252.73000000,1253.91000000,1243.32000000,1251.15000000,11678.01065000,1611435599999,14592290.41203350,9978,5865.67238000,7331111.74644720,0
1611435600000,1251.15000000,1253.19000000,1244.40000000,1247.50000000,9507.29907000,1611437399999,11878315.59754690,9311,5162.55811000,6450552.79486410,0
1611437400000,1247.50000000,1254.99000000,1229.26000000,1246.20000000,30399.90680000,1611439199999,37835257.65958200,23942,14509.75596000,18071327.86589700,0
1611439200000,1246.38000000,1248.76000000,1233.37000000,1233.95000000,19845.52130000,1611440999999,24653342.85433620,17976,10211.25864000,12688217.68303140,0
1611441000000,1233.93000000,1244.00000000,1230.79000000,1236.00000000,10043.07900000,1611442799999,12408907.44517160,11649,5655.64316000,6992272.35171300,0
1611442800000,1235.99000000,1240.20000000,1228.00000000,1236.21000000,12440.75179000,1611444599999,15357668.99042560,10471,5675.42187000,7005644.42839300,0
1611444600000,1236.21000000,1237.99000000,1223.85000000,1233.60000000,12751.54155000,1611446399999,15682698.81892880,11541,6267.82959000,7709622.19848390,0
1611446400000,1233.46000000,1242.66000000,1220.00000000,1230.44000000,21537.08160000,1611448199999,26507694.06817670,19661,10943.11241000,13472923.68103370,0
1611448200000,1230.45000000,1237.59000000,1230.45000000,1232.01000000,9645.43542000,1611449999999,11899867.05461840,9719,5948.24072000,7337778.33475030,0
1611450000000,1232.01000000,1247.93000000,1228.00000000,1242.40000000,16943.50289000,1611451799999,21018100.11873890,12601,7644.80911000,9485286.60762040,0
1611451800000,1242.41000000,1246.00000000,1237.20000000,1237.64000000,11201.71991000,1611453599999,13899218.22342400,10237,6309.02890000,7828547.51601840,0
1611453600000,1237.42000000,1257.34000000,1235.00000000,1254.00000000,48778.42273000,1611455399999,60944632.31022390,34065,23746.03744000,29662544.81516680,0
1611455400000,1254.01000000,1265.00000000,1254.00000000,1257.06000000,31554.22584000,1611457199999,39746802.19349260,22467,13347.78807000,16815724.63021670,0
1611457200000,1257.04000000,1267.00000000,1256.87000000,1263.15000000,18408.67120000,1611458999999,23221655.91237320,15529,8738.37570000,11023737.83499260,0
1611459000000,1263.34000000,1294.00000000,1259.34000000,1293.33000000,47942.09196000,1611460799999,61113720.02916700,35775,28838.84198000,36774729.59843230,0
1611460800000,1293.53000000,1304.17000000,1288.52000000,1294.62000000,65392.22529000,1611462599999,84865423.82847590,45213,40007.67728000,51936214.39526500,0
1611462600000,1294.62000000,1322.34000000,1294.62000000,1319.90000000,52455.91085000,1611464399999,68690121.48744630,39566,31088.23020000,40706065.14576470,0
1611464400000,1319.80000000,1334.88000000,1318.25000000,1326.96000000,57967.43527000,1611466199999,76903138.84954730,38845,31365.95216000,41608860.15084690,0
1611466200000,1326.86000000,1329.17000000,1315.02000000,1326.00000000,31045.15511000,1611467999999,41027003.55999530,25098,15903.00031000,21017818.25983510,0
1611468000000,1325.99000000,1332.13000000,1315.28000000,1324.62000000,28079.27149000,1611469799999,37105035.05951630,21459,14119.11800000,18660425.51838580,0
1611469800000,1324.66000000,1325.50000000,1312.00000000,1320.09000000,24333.68663000,1611471599999,32100823.44812250,17137,12043.02385000,15891537.43148540,0
1611471600000,1320.22000000,1325.00000000,1305.72000000,1312.99000000,23162.29129000,1611473399999,30438745.16159390,18457,9903.57468000,13013036.54017210,0
1611473400000,1313.00000000,1315.95000000,1307.00000000,1314.74000000,20094.72262000,1611475199999,26366211.87325120,14219,11561.30493000,15171135.26218320,0
1611475200000,1314.74000000,1323.86000000,1310.00000000,1315.37000000,26615.39494000,1611476999999,35057025.09869640,28588,13009.39591000,17142554.39031460,0
1611477000000,1315.44000000,1325.52000000,1312.27000000,1325.08000000,21021.82297000,1611478799999,27724843.34587000,26444,10880.55058000,14350774.03479690,0
1611478800000,1325.00000000,1341.52000000,1320.65000000,1341.32000000,34315.33768000,1611480599999,45627235.77402950,26092,19703.16755000,26200606.53918420,0
1611480600000,1341.32000000,1347.00000000,1335.29000000,1340.56000000,43136.15637000,1611482399999,57902222.39233000,31244,22326.50044000,29976818.87714300,0
1611482400000,1340.77000000,1344.17000000,1325.13000000,1330.55000000,27048.80621000,1611484199999,36117474.89672490,21659,12478.41492000,16663925.10223670,0
1611484200000,1330.58000000,1341.40000000,1330.00000000,1339.98000000,14968.09690000,1611485999999,19999038.00948900,13723,7994.83555000,10682087.68618730,0
1611486000000,1339.99000000,1350.04000000,1339.99000000,1343.10000000,33340.53267000,1611487799999,44888162.95724940,31974,18313.93293000,24658235.93531150,0
1611487800000,1343.10000000,1345.09000000,1335.00000000,1342.97000000,17439.87820000,1611489599999,23366401.97910260,24040,8787.40128000,11774689.58482870,0
1611489600000,1343.07000000,1348.26000000,1325.28000000,1327.80000000,33728.33537000,1611491399999,44947977.54771540,36812,15890.12148000,21175166.67322840,0
1611491400000,1327.79000000,1330.00000000,1311.56000000,1325.07000000,47070.85404000,1611493199999,62231844.59181910,44739,24433.09339000,32309672.60931640,0
1611493200000,1325.07000000,1329.24000000,1316.00000000,1324.63000000,44679.21273000,1611494999999,59095150.77734790,28830,23644.30882000,31268374.89428410,0
1611495000000,1324.63000000,1329.44000000,1317.23000000,1322.43000000,22193.41754000,1611496799999,29365318.68854640,19322,11251.52172000,14891264.29731940,0
1611496800000,1322.59000000,1329.73000000,1320.50000000,1323.79000000,16957.67381000,1611498599999,22486961.26255210,15566,9599.12159000,12729701.36872860,0
1611498600000,1323.82000000,1324.11000000,1298.22000000,1304.56000000,42415.38694000,1611500399999,55506865.94480270,31935,18097.13476000,23685513.44064490,0
1611500400000,1304.56000000,1316.86000000,1303.55000000,1316.45000000,19457.01127000,1611502199999,25503363.29125880,21744,10975.55845000,14386020.41921330,0
1611502200000,1316.45000000,1324.34000000,1309.51000000,1320.50000000,22534.86035000,1611503999999,29685891.99130730,26567,11383.49745000,15000053.59647050,0
1611504000000,1320.50000000,1338.24000000,1308.42000000,1309.35000000,45556.41389000,1611505799999,60144936.14374520,38237,23072.76018000,30477091.08712770,0
1611505800000,1308.93000000,1334.97000000,1304.00000000,1328.36000000,36465.98112000,1611507599999,48219027.79956100,29602,20431.82234000,27017631.46810040,0
1611507600000,1328.36000000,1348.66000000,1325.51000000,1343.22000000,45857.34012000,1611509399999,61531161.37945070,47792,23699.01131000,31799113.89076210,0
1611509400000,1343.16000000,1365.00000000,1342.03000000,1357.52000000,59048.56526000,1611511199999,80134531.49123720,53990,32620.31038000,44258562.57865330,0
1611511200000,1357.62000000,1359.70000000,1343.92000000,1350.77000000,28700.70690000,1611512999999,38794799.41145500,24074,13522.70443000,18281507.63183270,0
1611513000000,1350.77000000,1356.50000000,1343.39000000,1348.84000000,15996.38663000,1611514799999,21597893.89304030,16052,7903.90324000,10673835.49579800,0
1611514800000,1348.84000000,1358.61000000,1320.00000000,1326.08000000,55009.38630000,1611516599999,73492939.94472250,39701,24016.48724000,32114864.52374170,0
1611516600000,1326.08000000,1331.41000000,1310.00000000,1326.37000000,40815.81762000,1611518399999,53969878.50065890,33063,19548.05609000,25855633.50152310,0
1611518400000,1326.37000000,1336.80000000,1324.13000000,1334.39000000,20427.01781000,1611520199999,27182131.65970940,22819,11001.50436000,14641558.42565900,0
1611520200000,1334.39000000,1345.96000000,1334.19000000,1342.90000000,19984.73200000,1611521999999,26779498.15778410,23315,11074.01178000,14839571.60545590,0
1611522000000,1342.89000000,1351.97000000,1332.76000000,1343.83000000,17954.89721000,1611523799999,24147341.59921600,27795,9682.80582000,13028741.05563480,0
1611523800000,1343.83000000,1355.01000000,1342.05000000,1352.15000000,15590.71295000,1611525599999,21030273.96638530,24255,7951.71093000,10724935.39352120,0
1611525600000,1352.29000000,1352.66000000,1343.55000000,1349.63000000,10439.57377000,1611527399999,14079115.77420090,13185,4810.05024000,6485579.17151410,0
1611527400000,1349.60000000,1376.88000000,1347.74000000,1367.99000000,37449.10952000,1611529199999,51173479.07770290,38574,20172.09855000,27559024.50747520,0
1611529200000,1367.99000000,1387.22000000,1367.93000000,1381.13000000,41530.73510000,1611530999999,57250275.39464890,34713,23956.41681000,33025737.39613060,0
1611531000000,1381.13000000,1398.83000000,1375.21000000,1392.51000000,44587.53388000,1611532799999,61884371.61999600,37492,26634.18298000,36967175.73410790,0
1611532800000,1392.19000000,1454.00000000,1383.12000000,1449.17000000,140702.24016000,1611534599999,200340093.58971850,99897,79754.59226000,113490160.31364610,0
1611534600000,1448.93000000,1475.00000000,1431.77000000,1456.96000000,117185.01592000,1611536399999,170338310.24370230,83911,61765.72908000,89776135.57396230,0
1611536400000,1456.97000000,1461.24000000,1418.48000000,1427.18000000,72377.86260000,1611538199999,104042849.25978190,75522,32661.55783000,46960241.66018100,0
1611538200000,1427.04000000,1440.81000000,1421.11000000,1433.42000000,41185.24880000,1611539999999,58968729.39339950,51520,21132.99039000,30269063.09599620,0
1611540000000,1433.20000000,1441.42000000,1418.73000000,1439.83000000,37700.17847000,1611541799999,53901600.48650870,31425,19135.56641000,27365433.50727650,0
1611541800000,1439.83000000,1442.87000000,1424.75000000,1428.72000000,24522.77572000,1611543599999,35137096.74399060,20563,11934.26145000,17100860.37711240,0
1611543600000,1428.75000000,1436.00000000,1421.01000000,1428.03000000,23321.29692000,1611545399999,33296752.50643760,18647,11166.14013000,15941066.54804640,0
1611545400000,1428.02000000,1441.22000000,1422.61000000,1426.91000000,33097.83295000,1611547199999,47370383.78846390,24199,16293.52909000,23331477.35957550,0
1611547200000,1426.99000000,1433.94000000,1392.20000000,1400.27000000,54404.85194000,1611548999999,76710373.63001040,44690,22044.11063000,31094957.55760280,0
1611549000000,1400.41000000,1426.01000000,1399.75000000,1423.02000000,28749.76211000,1611550799999,40660017.86691780,29062,17346.92371000,24539533.70764960,0
1611550800000,1423.02000000,1435.74000000,1417.65000000,1431.70000000,21874.83653000,1611552599999,31225924.19935800,20444,11139.54235000,15907231.73991380,0
1611552600000,1431.70000000,1440.80000000,1424.75000000,1440.46000000,23841.61466000,1611554399999,34169226.09932540,20814,13106.25180000,18787489.49824120,0
1611554400000,1440.45000000,1445.00000000,1420.01000000,1423.67000000,24925.35353000,1611556199999,35652283.54000090,22395,12118.88062000,17340674.87493620,0
1611556200000,1423.75000000,1432.33000000,1414.94000000,1426.59000000,17539.83037000,1611557999999,24979044.22195840,17056,8575.21028000,12215889.61555790,0
1611558000000,1426.50000000,1429.26000000,1402.36000000,1413.53000000,29451.05703000,1611559799999,41584850.10408940,30920,13688.88589000,19331148.88499750,0
1611559800000,1413.32000000,1425.52000000,1408.95000000,1424.61000000,21240.02747000,1611561599999,30125728.51953380,25524,12208.17788000,17318720.95008800,0
1611561600000,1424.65000000,1427.72000000,1405.34000000,1405.86000000,29911.48319000,1611563399999,42326677.56657820,28251,15141.92222000,21429053.38420020,0
1611563400000,1405.88000000,1423.57000000,1400.23000000,1422.97000000,23324.92948000,1611565199999,32950040.42043920,23882,10928.47170000,15443654.25823960,0
1611565200000,1422.98000000,1424.88000000,1407.14000000,1408.65000000,25751.31483000,1611566999999,36466339.71518740,19930,13035.24074000,18462253.37010210,0
1611567000000,1409.04000000,1410.78000000,1382.28000000,1390.77000000,45774.91620000,1611568799999,63942673.86211340,36090,21011.48911000,29353713.84028510,0
1611568800000,1390.72000000,1401.88000000,1379.08000000,1393.30000000,54996.12951000,1611570599999,76550758.34161730,43409,31681.39094000,44107562.37465240,0
1611570600000,1393.43000000,1405.00000000,1393.28000000,1402.63000000,21529.88056000,1611572399999,30127839.22335280,24834,11831.41112000,16558642.56432520,0
1611572400000,1402.63000000,1416.02000000,1392.11000000,1415.54000000,21382.81694000,1611574199999,30008587.96110010,18818,10383.36448000,14571832.46138700,0
1611574200000,1415.55000000,1421.85000000,1408.33000000,1411.18000000,21995.72081000,1611575999999,31136484.43630220,19878,11362.65023000,16088009.53208960,0
1611576000000,1411.41000000,1434.00000000,1404.74000000,1427.27000000,42031.99668000,1611577799999,59830185.14650530,31489,25732.56890000,36638629.24567670,0
1611577800000,1427.06000000,1444.36000000,1418.70000000,1426.06000000,49740.67231000,1611579599999,71296682.36037430,36739,26876.12804000,38523298.68674420,0
1611579600000,1426.24000000,1438.66000000,1409.71000000,1412.24000000,53519.72029000,1611581399999,76138551.83181170,40440,24021.08996000,34182808.16785610,0
1611581400000,1412.25000000,1420.76000000,1405.50000000,1416.76000000,32851.04763000,1611583199999,46394157.23498650,26490,17356.33085000,24512462.46708640,0
1611583200000,1416.76000000,1427.00000000,1411.01000000,1416.40000000,24693.35979000,1611584999999,35019495.47543370,23038,13029.63770000,18484850.99820690,0
1611585000000,1416.48000000,1418.00000000,1400.00000000,1405.66000000,26534.33303000,1611586799999,37370346.33084200,20983,12251.66636000,17257879.30487340,0
1611586800000,1405.70000000,1428.57000000,1399.44000000,1425.00000000,38332.18274000,1611588599999,54420112.87002320,29327,22973.15225000,32624696.25863140,0
1611588600000,1424.99000000,1438.45000000,1421.46000000,1434.87000000,23507.26101000,1611590399999,33621641.41936910,21984,13794.22250000,19731592.17861450,0
1611590400000,1434.95000000,1442.72000000,1401.69000000,1402.37000000,55907.72495000,1611592199999,79423880.15634830,47403,26063.24968000,37046348.79590000,0
1611592200000,1402.35000000,1408.28000000,1387.00000000,1405.50000000,52327.60265000,1611593999999,73172546.57999940,50573,23275.18294000,32553285.12202230,0
1611594000000,1405.54000000,1414.99000000,1395.13000000,1397.64000000,29418.72740000,1611595799999,41343065.54886100,25930,14148.50867000,19897850.01579860,0
1611595800000,1397.63000000,1401.74000000,1388.26000000,1398.98000000,19586.84777000,1611597599999,27339063.88932130,21242,10059.22571000,14044887.66885800,0
1611597600000,1398.99000000,1405.26000000,1394.88000000,1400.70000000,12490.70493000,1611599399999,17510476.77190620,12632,6318.30010000,8858278.74547120,0
1611599400000,1400.68000000,1402.18000000,1354.86000000,1375.58000000,71184.83071000,1611601199999,97902032.68514260,53520,33995.95922000,46763258.29001270,0
1611601200000,1375.54000000,1387.96000000,1364.81000000,1387.81000000,21964.31424000,1611602999999,30291932.13526700,28438,11422.87607000,15760398.15583070,0
1611603000000,1387.81000000,1395.00000000,1376.97000000,1382.87000000,23386.20368000,1611604799999,32459227.71233510,28381,12042.10413000,16715096.45745890,0
1611604800000,1382.90000000,1383.63000000,1358.74000000,1374.83000000,33146.40557000,1611606599999,45463370.37378690,28876,16478.32233000,22604801.84694050,0
1611606600000,1374.84000000,1377.28000000,1353.14000000,1370.00000000,26333.41264000,1611608399999,35907804.36465710,25461,12744.13344000,17379916.09347620,0
1611608400000,1369.98000000,1370.05000000,1324.36000000,1334.57000000,70321.66134000,1611610199999,94306150.41466560,56727,28642.07903000,38414441.77879760,0
1611610200000,1334.77000000,1348.50000000,1311.02000000,1347.38000000,61867.47582000,1611611999999,82256871.47062400,58121,30182.38456000,40147396.57684040,0
1611612000000,1347.43000000,1348.00000000,1301.00000000,1304.86000000,53877.79956000,1611613799999,71088924.52374360,60495,22975.73579000,30334819.55960530,0
1611613800000,1304.96000000,1336.75000000,1293.69000000,1327.87000000,44615.13105000,1611615599999,58759133.39451800,45926,18982.11602000,25030159.78572310,0
1611615600000,1327.87000000,1342.00000000,1313.00000000,1327.65000000,30518.42160000,1611617399999,40539043.63721470,30395,15461.68080000,20549613.85361080,0
1611617400000,1327.64000000,1335.68000000,1316.39000000,1317.88000000,30496.49880000,1611619199999,40399874.84956340,25221,15072.31290000,19974336.88180800,0
1611619200000,1317.60000000,1355.65000000,1304.04000000,1349.85000000,53360.42516000,1611620999999,71179246.57432400,43685,28283.81607000,37751239.69449430,0
1611621000000,1349.85000000,1374.52000000,1348.82000000,1367.83000000,43398.90455000,1611622799999,59089288.37025560,35831,22118.65383000,30119021.16436010,0
1611622800000,1367.82000000,1368.68000000,1347.07000000,1355.49000000,28988.26324000,1611624599999,39367694.97906600,38643,14018.92688000,19036274.17920600,0
1611624600000,1355.22000000,1378.49000000,1354.24000000,1378.38000000,24116.59563000,1611626399999,32961881.06502490,30241,12084.30926000,16512326.16690190,0
1611626400000,1378.16000000,1378.38000000,1353.00000000,1360.50000000,19603.65172000,1611628199999,26730202.56722970,19131,9142.00691000,12457939.15751760,0
1611628200000,1360.67000000,1360.80000000,1342.30000000,1350.24000000,22623.90797000,1611629999999,30562283.69934440,21103,10590.38695000,14304322.65557530,0
1611630000000,1350.29000000,1358.21000000,1316.11000000,1323.31000000,34033.39593000,1611631799999,45488752.47296300,29168,14363.00733000,19214864.00603840,0
1611631800000,1323.17000000,1331.62000000,1297.00000000,1312.80000000,62617.97246000,1611633599999,82081900.38578580,48949,29897.36412000,39198377.97154890,0
1611633600000,1312.80000000,1332.20000000,1310.15000000,1324.80000000,34904.39184000,1611635399999,46230369.10407030,26353,19122.79823000,25332261.49374120,0
1611635400000,1324.94000000,1349.00000000,1317.62000000,1339.28000000,29531.22111000,1611637199999,39338297.85659140,23283,16335.05866000,21763194.89311960,0
1611637200000,1339.27000000,1342.57000000,1325.59000000,1331.02000000,18417.06236000,1611638999999,24577358.71486100,16506,9681.82827000,12922404.80888030,0
1611639000000,1331.01000000,1348.01000000,1328.58000000,1338.77000000,16384.83709000,1611640799999,21963544.14379980,15359,9584.22734000,12847935.81184790,0
1611640800000,1338.63000000,1338.71000000,1313.00000000,1316.92000000,32992.56178000,1611642599999,43615230.63240310,26035,15632.66859000,20665112.02922340,0
1611642600000,1316.92000000,1327.30000000,1310.00000000,1314.44000000,27177.51183000,1611644399999,35825698.92102870,22936,13147.68180000,17335922.02201360,0
1611644400000,1314.41000000,1321.54000000,1301.56000000,1307.34000000,34129.82646000,1611646199999,44660376.33016330,36642,15306.44189000,20029712.28774460,0
1611646200000,1307.35000000,1324.17000000,1306.33000000,1317.41000000,24105.67101000,1611647999999,31704793.04138640,27818,12981.06680000,17074082.49197270,0
1611648000000,1317.34000000,1325.61000000,1305.17000000,1317.99000000,21793.19006000,1611649799999,28656023.56416440,18452,11585.60448000,15234138.24937050,0
1611649800000,1317.99000000,1333.48000000,1317.99000000,1328.96000000,25128.34799000,1611651599999,33342781.75723790,20739,13621.56457000,18074790.33590490,0
1611651600000,1328.83000000,1332.76000000,1310.00000000,1312.14000000,22244.15532000,1611653399999,29366298.13046190,19961,10978.75140000,14501610.20733270,0
1611653400000,1312.14000000,1317.52000000,1294.83000000,1315.31000000,45131.41452000,1611655199999,59010741.47224130,30415,21872.84285000,28612274.09371310,0
1611655200000,1315.50000000,1338.24000000,1310.56000000,1333.67000000,39980.56343000,1611656999999,52959923.66697510,31084,22451.67503000,29760566.64171160,0
1611657000000,1333.72000000,1344.82000000,1330.01000000,1336.72000000,20076.67395000,1611658799999,26823335.38194840,18430,10708.18187000,14310031.77793030,0
1611658800000,1336.71000000,1337.00000000,1312.00000000,1317.87000000,21305.59434000,1611660599999,28203902.04522110,25403,9359.76533000,12391712.24974170,0
1611660600000,1317.93000000,1325.76000000,1309.38000000,1313.46000000,20137.11390000,1611662399999,26527622.93162900,26289,9949.74767000,13111048.82966710,0
1611662400000,1313.61000000,1319.69000000,1303.95000000,1306.89000000,24704.74792000,1611664199999,32416247.33486480,20763,11508.78252000,15107135.75487000,0
1611664200000,1306.87000000,1313.56000000,1270.00000000,1272.83000000,80835.89377000,1611665999999,104234846.18452920,57981,35808.19900000,46186219.92130070,0
1611666000000,1273.02000000,1291.16000000,1259.55000000,1276.11000000,77856.27853000,1611667799999,99407364.65550670,57878,37741.92418000,48189976.88664030,0
1611667800000,1276.01000000,1294.29000000,1276.00000000,1285.49000000,34013.18320000,1611669599999,43754758.89574350,26371,19319.42966000,24852794.36615520,0
1611669600000,1285.49000000,1290.61000000,1265.56000000,1269.34000000,41043.37430000,1611671399999,52390975.01370300,35442,17809.98762000,22753835.02647060,0
1611671400000,1269.13000000,1274.48000000,1244.56000000,1259.47000000,72756.52186000,1611673199999,91451550.77461120,56915,32944.77869000,41435291.75283320,0
1611673200000,1259.47000000,1281.73000000,1258.77000000,1277.95000000,34896.63839000,1611674999999,44420052.41005780,28274,20850.85792000,26545366.11087760,0
1611675000000,1277.92000000,1291.50000000,1276.78000000,1279.91000000,44600.27099000,1611676799999,57299457.29972950,31928,27536.03288000,35374282.55031150,0
