" openTime","Open","High","Low","Close","Volume","CloseTime","QuoteAssetVolume","NumberofTrades","TakerbuyBaseAssetVolume","TakerbuyQuoteAssetVolume","Ignore"
"1611482100000","1343.54000000","1343.76000000","1339.00000000","1340.56000000","8723.52998000","1611482399999","11698431.06006900","5299","3479.47147000","4666026.67206410","0"
"1611482400000","1340.77000000","1344.17000000","1337.13000000","1338.18000000","3966.13892000","1611482699999","5315323.86490000","3649","2160.50110000","2896148.05358060","0"
"1611482700000","1338.19000000","1341.41000000","1337.72000000","1339.52000000","4989.17967000","1611482999999","6681663.16614700","2823","1992.74812000","2668316.62325050","0"
"1611483000000","1339.49000000","1342.17000000","1338.55000000","1340.37000000","2787.80791000","1611483299999","3735832.60064730","2521","1470.45826000","1970763.08485890","0"
"1611483300000","1340.35000000","1341.11000000","1329.58000000","1330.00000000","6520.13861000","1611483599999","8696898.08618720","4812","2416.78694000","3224096.72887750","0"
"1611483600000","1330.00000000","1334.87000000","1325.13000000","1332.21000000","6390.46346000","1611483899999","8495526.02862440","5529","3016.02067000","4009417.22226840","0"
"1611483900000","1332.20000000","1334.70000000","1330.20000000","1330.55000000","2395.07764000","1611484199999","3192231.15021900","2325","1421.89983000","1895183.38940080","0"
"1611484200000","1330.58000000","1334.25000000","1330.00000000","1333.56000000","2237.81529000","1611484499999","2981710.48416870","1938","1081.84557000","1441538.61342680","0"
"1611484500000","1333.46000000","1336.41000000","1332.56000000","1333.36000000","2622.05902000","1611484799999","3498248.24489390","2437","1368.62186000","1826011.11241620","0"
"1611484800000","1333.36000000","1336.57000000","1333.36000000","1334.71000000","2153.43068000","1611485099999","2874863.79668300","2190","1224.43489000","1634606.94461390","0"
"1611485100000","1334.71000000","1338.50000000","1334.17000000","1338.50000000","2188.72169000","1611485399999","2924790.73136150","2363","1292.86830000","1727544.25836630","0"
"1611485400000","1338.49000000","1340.25000000","1336.36000000","1337.43000000","2885.90067000","1611485699999","3863086.90366160","2572","1348.75728000","1805455.30748260","0"
"1611485700000","1337.47000000","1341.40000000","1336.50000000","1339.98000000","2880.16955000","1611485999999","3856337.84872030","2223","1678.30765000","2246931.44988150","0"
"1611486000000","1339.99000000","1350.04000000","1339.99000000","1348.67000000","10809.23881000","1611486299999","14563263.19164360","8053","7114.61333000","9586087.88289560","0"
"1611486300000","1348.67000000","1350.00000000","1344.07000000","1347.63000000","6723.57348000","1611486599999","9060029.51087710","6265","3039.67459000","4095956.07934710","0"
"1611486600000","1347.56000000","1348.36000000","1344.03000000","1346.44000000","4989.48424000","1611486899999","6714452.26445910","4908","2061.45024000","2774267.07606340","0"
"1611486900000","1346.55000000","1349.28000000","1341.53000000","1343.06000000","4095.32445000","1611487199999","5511174.15780450","4818","2294.24684000","3087808.61805190","0"
"1611487200000","1343.07000000","1347.36000000","1342.58000000","1343.32000000","3342.48038000","1611487499999","4496127.05119200","3961","1539.76452000","2071192.93831300","0"
"1611487500000","1343.32000000","1345.95000000","1342.70000000","1343.10000000","3380.43131000","1611487799999","4543116.78127310","3969","2264.18341000","3042923.34064050","0"
"1611487800000","1343.10000000","1345.09000000","1341.53000000","1341.63000000","2347.15759000","1611488099999","3152984.97184930","3769","1196.02666000","1606843.84340500","0"
"1611488100000","1341.63000000","1342.47000000","1336.91000000","1338.70000000","4518.73351000","1611488399999","6049425.35176100","5276","2184.30756000","2923703.54975020","0"
"1611488400000","1338.70000000","1340.90000000","1338.44000000","1339.02000000","2305.52717000","1611488699999","3088189.22169810","3579","1361.31242000","1823378.42753010","0"
"1611488700000","1338.94000000","1341.51000000","1337.05000000","1337.28000000","1886.03684000","1611488999999","2526080.17232830","3322","982.07632000","1315451.62164380","0"
"1611489000000","1337.54000000","1339.17000000","1335.00000000","1338.47000000","3298.31529000","1611489299999","4410440.03042270","3930","1402.73607000","1876189.39991660","0"
"1611489300000","1338.65000000","1344.24000000","1338.54000000","1342.97000000","3084.10780000","1611489599999","4139282.23104320","4164","1660.94225000","2229122.74258300","0"
"1611489600000","1343.07000000","1348.26000000","1330.46000000","1335.14000000","9055.94186000","1611489899999","12118327.31324330","8269","3943.49666000","5279292.46171160","0"
"1611489900000","1335.09000000","1335.46000000","1331.29000000","1332.47000000","4560.19300000","1611490199999","6081641.44766320","5511","1853.68997000","2472115.35558610","0"
"1611490200000","1332.48000000","1334.27000000","1325.28000000","1329.97000000","8249.87062000","1611490499999","10963458.65460490","7763","3979.05211000","5287670.19942880","0"
"1611490500000","1329.89000000","1332.64000000","1328.06000000","1330.67000000","4127.90436000","1611490799999","5492149.56549610","5323","2238.67344000","2978624.63092750","0"
"1611490800000","1330.68000000","1333.80000000","1328.78000000","1331.66000000","3394.33688000","1611491099999","4518678.14226000","4753","1837.51208000","2446138.60640570","0"
"1611491100000","1331.67000000","1333.82000000","1327.08000000","1327.80000000","4340.08865000","1611491399999","5773722.42444790","5193","2037.69722000","2711325.41916870","0"
"1611491400000","1327.79000000","1328.24000000","1311.56000000","1315.23000000","16585.32538000","1611491699999","21867173.64267480","13656","7052.57365000","9297275.09473350","0"
"1611491700000","1315.23000000","1322.37000000","1315.18000000","1321.95000000","5876.55026000","1611491999999","7753108.72864680","7341","3177.89883000","4193119.31988000","0"
"1611492000000","1321.95000000","1323.80000000","1319.48000000","1323.35000000","4970.55099000","1611492299999","6569201.99262390","5567","2946.65378000","3894634.05948960","0"
"1611492300000","1323.30000000","1330.00000000","1321.92000000","1322.11000000","4344.19721000","1611492599999","5762975.90981450","6292","2341.81671000","3106450.64770470","0"
"1611492600000","1321.94000000","1328.01000000","1320.92000000","1325.42000000","7329.37680000","1611492899999","9715165.64993630","5803","3586.48314000","4752544.13508170","0"
"1611492900000","1326.18000000","1329.23000000","1324.00000000","1325.07000000","7964.85340000","1611493199999","10564218.66812280","6080","5327.66728000","7065649.35242690","0"
"1611493200000","1325.07000000","1329.24000000","1318.55000000","1328.46000000","16826.97177000","1611493499999","22262434.48639820","7683","9253.92132000","12240619.88358040","0"
"1611493500000","1328.45000000","1328.61000000","1319.61000000","1323.91000000","11833.46786000","1611493799999","15650876.06535760","5475","6933.69791000","9167021.02173800","0"
"1611493800000","1323.66000000","1324.34000000","1320.00000000","1321.42000000","2850.75101000","1611494099999","3766975.95876800","2718","1403.64046000","1854944.54136930","0"
"1611494100000","1321.47000000","1322.76000000","1316.00000000","1321.31000000","5815.78970000","1611494399999","7670474.63206780","5030","2638.93897000","3480588.30611770","0"
"1611494400000","1321.29000000","1328.83000000","1321.07000000","1327.70000000","4540.30872000","1611494699999","6019090.94220020","4606","2293.11685000","3040050.71968680","0"
"1611494700000","1327.70000000","1328.00000000","1322.02000000","1324.63000000","2811.92367000","1611494999999","3725298.69255610","3318","1120.99331000","1485150.42179190","0"
"1611495000000","1324.63000000","1328.21000000","1323.59000000","1327.80000000","2799.86574000","1611495299999","3714296.01388460","2969","1542.03677000","2045784.90082740","0"
"1611495300000","1327.76000000","1329.44000000","1325.00000000","1326.00000000","2949.23286000","1611495599999","3915153.12793730","2944","1774.70701000","2356080.05072470","0"
"1611495600000","1326.00000000","1329.37000000","1323.70000000","1323.96000000","2860.31543000","1611495899999","3792738.06090920","2836","1415.39887000","1876599.36194170","0"
"1611495900000","1323.96000000","1325.83000000","1318.41000000","1321.95000000","5472.24867000","1611496199999","7229723.81370020","4037","2808.36425000","3711136.04792090","0"
"1611496200000","1322.21000000","1323.76000000","1317.23000000","1321.04000000","5085.19224000","1611496499999","6711231.65445760","3750","2282.78284000","3012973.07085540","0"
"1611496500000","1321.18000000","1324.61000000","1320.50000000","1322.43000000","3026.56260000","1611496799999","4002176.01765750","2786","1428.23198000","1888690.86504930","0"
"1611496800000","1322.59000000","1328.00000000","1320.50000000","1326.00000000","4167.19583000","1611497099999","5522578.57770090","3013","2399.12625000","3179452.97600400","0"
"1611497100000","1325.93000000","1327.24000000","1325.00000000","1326.37000000","2097.26187000","1611497399999","2781444.18281940","1981","1175.60293000","1559166.17027500","0"
"1611497400000","1326.38000000","1328.50000000","1324.95000000","1328.14000000","4207.97817000","1611497699999","5584719.41114740","3188","2565.69150000","3405255.17551060","0"
"1611497700000","1328.14000000","1329.73000000","1324.12000000","1325.57000000","2332.45994000","1611497999999","3095465.04725680","2923","1291.42523000","1713975.72324260","0"
"1611498000000","1325.57000000","1327.36000000","1323.00000000","1324.18000000","2105.56562000","1611498299999","2790455.31727290","2197","945.66667000","1253331.77087120","0"
"1611498300000","1324.19000000","1325.85000000","1323.51000000","1323.79000000","2047.21238000","1611498599999","2712298.72635470","2264","1221.60901000","1618519.55282520","0"
"1611498600000","1323.82000000","1324.11000000","1318.38000000","1318.43000000","3240.89128000","1611498899999","4280470.04107570","3278","1357.63903000","1793306.88500340","0"
"1611498900000","1318.43000000","1318.64000000","1311.24000000","1312.76000000","8054.04572000","1611499199999","10590601.89128680","4888","3661.33412000","4814022.61878160","0"
"1611499200000","1312.76000000","1314.22000000","1307.10000000","1309.87000000","6486.53765000","1611499499999","8499084.98652300","5077","2899.52127000","3799436.81376520","0"
"1611499500000","1309.87000000","1312.04000000","1298.22000000","1303.26000000","15083.22372000","1611499799999","19654039.08710670","11214","6184.06472000","8058207.24533790","0"
"1611499800000","1303.26000000","1309.08000000","1302.48000000","1309.07000000","5109.29899000","1611500099999","6671397.71197730","3934","2388.28922000","3118640.15012090","0"
"1611500100000","1309.08000000","1312.00000000","1303.77000000","1304.56000000","4441.38958000","1611500399999","5811272.22683320","3544","1606.28640000","2101899.72763590","0"
"1611500400000","1304.56000000","1311.00000000","1303.55000000","1308.55000000","4143.69177000","1611500699999","5420947.28285350","4248","2185.77782000","2859462.89076110","0"
"1611500700000","1308.56000000","1310.00000000","1307.46000000","1309.94000000","3569.43985000","1611500999999","4672298.66304010","3075","2615.47098000","3423674.98910490","0"
"1611501000000","1309.92000000","1311.95000000","1305.72000000","1310.23000000","3290.67488000","1611501299999","4307510.39445720","3854","1612.44438000","2110407.95528950","0"
"1611501300000","1310.29000000","1313.95000000","1308.82000000","1312.62000000","2900.62853000","1611501599999","3806702.80135450","3528","1344.27767000","1764132.52032210","0"
"1611501600000","1312.47000000","1314.33000000","1310.82000000","1312.68000000","2102.46992000","1611501899999","2760457.27330550","3035","1225.47275000","1609067.37804390","0"
"1611501900000","1312.79000000","1316.86000000","1312.00000000","1316.45000000","3450.10632000","1611502199999","4535446.87624800","4004","1992.11485000","2619274.68569180","0"
"1611502200000","1316.45000000","1319.00000000","1314.80000000","1316.50000000","2536.02270000","1611502499999","3340480.44160940","3639","1456.41461000","1918549.03574410","0"
"1611502500000","1316.51000000","1324.34000000","1316.51000000","1322.85000000","5593.63036000","1611502799999","7391021.99505210","6069","3231.95582000","4270450.80451320","0"
"1611502800000","1322.86000000","1323.90000000","1316.87000000","1318.71000000","2876.61413000","1611503099999","3797388.42236700","3814","1488.55668000","1965083.37896210","0"
"1611503100000","1318.71000000","1320.55000000","1315.23000000","1315.58000000","2898.49813000","1611503399999","3821307.73274680","3452","1093.53239000","1441795.94323410","0"
"1611503400000","1315.57000000","1316.00000000","1309.51000000","1311.81000000","5439.12314000","1611503699999","7136727.40969080","5858","2075.52226000","2723067.50227160","0"
"1611503700000","1311.89000000","1321.13000000","1311.89000000","1320.50000000","3190.97189000","1611503999999","4198965.98984120","3735","2037.51569000","2681106.93174540","0"
"1611504000000","1320.50000000","1338.24000000","1320.49000000","1334.19000000","13611.34363000","1611504299999","18105278.51234680","12164","7716.04404000","10268390.02271610","0"
"1611504300000","1334.23000000","1334.49000000","1317.10000000","1317.12000000","7099.20428000","1611504599999","9413699.34316040","6599","3052.24958000","4048888.34897500","0"
"1611504600000","1317.11000000","1319.34000000","1310.01000000","1315.77000000","8537.94343000","1611504899999","11226585.93262070","6871","4066.88902000","5347884.57643270","0"
"1611504900000","1315.61000000","1321.48000000","1313.87000000","1314.60000000","3827.04456000","1611505199999","5040944.23189630","3506","2144.28919000","2824796.49774920","0"
"1611505200000","1314.40000000","1315.00000000","1309.27000000","1312.42000000","7018.57283000","1611505499999","9201770.43822890","5023","3407.42047000","4467518.27213810","0"
"1611505500000","1312.39000000","1312.96000000","1308.42000000","1309.35000000","5462.30516000","1611505799999","7156657.68549210","4074","2685.86788000","3519613.36911660","0"
"1611505800000","1308.93000000","1319.17000000","1304.00000000","1317.67000000","10238.02764000","1611506099999","13424193.15334640","7284","5985.69514000","7851661.78901080","0"
"1611506100000","1317.51000000","1325.50000000","1315.95000000","1324.00000000","6177.01092000","1611506399999","8160300.79055320","5240","3428.30034000","4529411.26717370","0"
"1611506400000","1324.00000000","1329.89000000","1320.72000000","1322.98000000","5953.08101000","1611506699999","7895345.10528880","5637","3139.24242000","4164395.13578810","0"
"1611506700000","1322.79000000","1329.24000000","1322.32000000","1327.30000000","4522.87158000","1611506999999","6003649.89657160","3431","2539.16137000","3370486.95328360","0"
"1611507000000","1327.03000000","1329.64000000","1325.37000000","1327.37000000","2710.08355000","1611507299999","3596717.66399060","2326","1465.28148000","1944656.85737420","0"
"1611507300000","1327.37000000","1334.97000000","1327.37000000","1328.36000000","6864.90642000","1611507599999","9138821.18981040","5684","3874.14159000","5157019.46547000","0"
"1611507600000","1328.36000000","1338.06000000","1325.51000000","1338.05000000","7340.44540000","1611507899999","9794010.34437570","8066","4197.97414000","5602456.64135410","0"
"1611507900000","1338.04000000","1347.51000000","1336.78000000","1340.79000000","13827.30333000","1611508199999","18579632.69058400","12504","7628.57410000","10248289.91107700","0"
"1611508200000","1340.92000000","1343.37000000","1334.33000000","1340.37000000","6206.61898000","1611508499999","8315361.39664460","6761","2549.02968000","3415188.58134650","0"
"1611508500000","1340.50000000","1348.66000000","1336.36000000","1345.28000000","7430.62960000","1611508799999","9987230.81939300","7910","4184.74981000","5625655.97677930","0"
"1611508800000","1344.97000000","1348.23000000","1342.09000000","1342.73000000","5532.67420000","1611509099999","7443490.46554390","6332","2570.91235000","3458960.54613750","0"
"1611509100000","1342.73000000","1346.74000000","1338.81000000","1343.22000000","5519.66861000","1611509399999","7411435.66290950","6219","2567.77123000","3448562.23406770","0"
"1611509400000","1343.16000000","1361.81000000","1342.03000000","1360.83000000","21378.33681000","1611509699999","28948394.21822580","16494","13395.99323000","18136638.38958660","0"
"1611509700000","1360.84000000","1365.00000000","1357.00000000","1362.39000000","14416.92852000","1611509999999","19631779.29843130","12715","6987.64945000","9518011.14912430","0"
"1611510000000","1362.38000000","1362.38000000","1355.34000000","1360.50000000","6038.58936000","1611510299999","8201958.47216160","6846","2534.45893000","3442717.36667370","0"
"1611510300000","1360.41000000","1361.63000000","1356.50000000","1359.46000000","6066.97517000","1611510599999","8244880.26455690","6081","3208.18620000","4360241.65395760","0"
"1611510600000","1359.00000000","1359.16000000","1352.46000000","1354.31000000","7946.98808000","1611510899999","10766768.62112750","6606","4755.93513000","6443494.46660330","0"
"1611510900000","1354.31000000","1359.86000000","1353.00000000","1357.52000000","3200.74732000","1611511199999","4340750.61673410","5248","1738.08744000","2357459.55270780","0"
"1611511200000","1357.62000000","1357.62000000","1349.08000000","1354.71000000","6372.85680000","1611511499999","8617543.76563050","5053","2409.24365000","3258441.95186780","0"
"1611511500000","1354.71000000","1354.80000000","1343.92000000","1351.00000000","7158.51960000","1611511799999","9653361.23361820","5474","3433.64598000","4631798.26640210","0"
"1611511800000","1351.00000000","1351.16000000","1346.67000000","1350.46000000","2779.47486000","1611512099999","3748738.94254720","2478","1616.44147000","2180274.71426100","0"
"1611512100000","1350.54000000","1359.70000000","1348.81000000","1355.63000000","6346.11919000","1611512399999","8599757.08554310","5567","2755.65331000","3736914.80255680","0"
"1611512400000","1355.55000000","1356.10000000","1351.29000000","1351.56000000","2934.89084000","1611512699999","3972457.28291110","3040","1420.58144000","1922767.47226860","0"
"1611512700000","1351.56000000","1353.51000000","1350.51000000","1350.77000000","3108.84561000","1611512999999","4202941.10120490","2462","1887.13858000","2551310.42447640","0"
"1611513000000","1350.77000000","1356.50000000","1348.23000000","1348.79000000","3154.94455000","1611513299999","4265599.15163990","2998","1766.78853000","2389168.93077310","0"
"1611513300000","1348.78000000","1350.48000000","1343.39000000","1346.88000000","4162.56937000","1611513599999","5606614.50638390","3702","1843.17943000","2483413.23640870","0"
"1611513600000","1346.88000000","1349.88000000","1346.02000000","1349.82000000","1305.97554000","1611513899999","1760041.33813900","1899","788.49397000","1062607.03965910","0"
"1611513900000","1349.62000000","1355.43000000","1348.02000000","1351.64000000","2677.15154000","1611514199999","3618858.85205640","2932","1423.10098000","1923327.55817980","0"
"1611514200000","1351.63000000","1354.17000000","1350.53000000","1351.14000000","1812.64219000","1611514499999","2451671.24755980","1953","753.09688000","1018739.40702910","0"
"1611514500000","1351.13000000","1355.00000000","1346.73000000","1348.84000000","2883.10344000","1611514799999","3895108.79726130","2568","1329.24345000","1796579.32374820","0"
"1611514800000","1348.84000000","1355.00000000","1345.90000000","1354.40000000","5920.14952000","1611515099999","7996076.21043660","3713","3223.36607000","4355623.81167070","0"
"1611515100000","1354.37000000","1358.61000000","1352.41000000","1353.51000000","4461.03039000","1611515399999","6047673.32106040","3831","2507.18959000","3399091.23797690","0"
"1611515400000","1353.51000000","1353.52000000","1334.26000000","1339.46000000","11334.02687000","1611515699999","15215713.31948190","8361","5023.24822000","6740580.79107150","0"
"1611515700000","1339.39000000","1339.51000000","1326.16000000","1326.85000000","17175.38805000","1611515999999","22859797.88729190","10702","5781.91308000","7697922.92435700","0"
"1611516000000","1326.84000000","1331.61000000","1321.11000000","1328.20000000","8644.90656000","1611516299999","11470759.67973940","7676","3876.32102000","5144756.65987220","0"
"1611516300000","1328.38000000","1329.81000000","1320.00000000","1326.08000000","7473.88491000","1611516599999","9902919.52671230","5418","3604.44926000","4776889.09879340","0"
"1611516600000","1326.08000000","1327.09000000","1310.00000000","1326.88000000","15824.87269000","1611516899999","20851902.29407250","12660","7084.27291000","9337581.77016340","0"
"1611516900000","1326.93000000","1331.41000000","1313.93000000","1321.64000000","11354.58579000","1611517199999","15050705.78463320","8346","4961.19207000","6577303.66788410","0"
"1611517200000","1321.64000000","1328.04000000","1320.85000000","1323.76000000","5052.83219000","1611517499999","6686973.18188340","4199","2721.01088000","3601156.45390100","0"
"1611517500000","1323.82000000","1327.74000000","1322.27000000","1325.43000000","3469.64278000","1611517799999","4599184.94840070","3083","2179.99358000","2889805.86730470","0"
"1611517800000","1325.43000000","1328.21000000","1324.03000000","1326.12000000","2771.47792000","1611518099999","3675313.38623580","2299","1445.89023000","1917504.29387810","0"
"1611518100000","1326.14000000","1328.14000000","1324.27000000","1326.37000000","2342.40625000","1611518399999","3105798.90543330","2476","1155.69642000","1532281.44839180","0"
"1611518400000","1326.37000000","1333.59000000","1324.13000000","1327.22000000","5779.05997000","1611518699999","7682923.93984790","5404","3161.77877000","4204384.27597210","0"
"1611518700000","1327.22000000","1331.54000000","1326.77000000","1328.53000000","2474.45136000","1611518999999","3289619.68476860","3235","1424.56609000","1893705.61603570","0"
"1611519000000","1328.73000000","1332.75000000","1327.00000000","1330.79000000","3401.14648000","1611519299999","4523720.37408270","3524","1719.91696000","2287747.77286070","0"
"1611519300000","1330.80000000","1330.97000000","1325.72000000","1329.57000000","2159.74424000","1611519599999","2869095.36792280","3103","1058.22769000","1405711.42458460","0"
"1611519600000","1329.58000000","1334.84000000","1328.12000000","1334.13000000","3138.88634000","1611519899999","4179569.81716120","3792","1668.82093000","2222630.65230490","0"
"1611519900000","1334.13000000","1336.80000000","1333.22000000","1334.39000000","3473.72942000","1611520199999","4637202.47592620","3761","1968.19392000","2627378.68390100","0"
"1611520200000","1334.39000000","1341.73000000","1334.19000000","1338.95000000","3932.13813000","1611520499999","5264295.98946180","4223","2222.33192000","2974872.59979930","0"
"1611520500000","1338.94000000","1345.96000000","1338.93000000","1340.61000000","4725.78478000","1611520799999","6344326.38986830","5357","2622.20090000","3520671.44331060","0"
"1611520800000","1340.61000000","1345.07000000","1339.09000000","1340.16000000","2590.67783000","1611521099999","3475491.35119780","3736","1325.94978000","1778900.47066640","0"
"1611521100000","1340.16000000","1340.37000000","1334.74000000","1336.54000000","3356.39768000","1611521399999","4487972.42484410","4116","1796.07515000","2401761.59441810","0"
"1611521400000","1336.54000000","1341.23000000","1336.53000000","1338.67000000","1797.89523000","1611521699999","2407992.81867250","2661","1129.92921000","1513420.19285980","0"
"1611521700000","1338.61000000","1343.30000000","1337.40000000","1342.90000000","3581.83835000","1611521999999","4799419.18373960","3222","1977.52482000","2649945.30440170","0"
"1611522000000","1342.89000000","1346.89000000","1338.50000000","1346.17000000","2719.05102000","1611522299999","3650293.04635000","4263","1541.25557000","2069662.40599820","0"
"1611522300000","1346.18000000","1348.59000000","1344.54000000","1346.22000000","2513.14618000","1611522599999","3383531.99988400","4503","1189.74851000","1601890.00653210","0"
"1611522600000","1346.21000000","1347.00000000","1343.26000000","1346.40000000","1933.78402000","1611522899999","2602074.16494120","3762","983.65946000","1323807.28182440","0"
"1611522900000","1346.40000000","1348.37000000","1332.76000000","1347.82000000","5654.60544000","1611523199999","7592807.19640490","6523","2756.58653000","3705677.70187430","0"
"1611523200000","1347.82000000","1351.97000000","1345.98000000","1348.76000000","2844.91573000","1611523499999","3838700.80113950","5081","1715.65952000","2315440.60653960","0"
"1611523500000","1348.74000000","1348.76000000","1342.75000000","1343.83000000","2289.39482000","1611523799999","3079934.39049640","3663","1495.89623000","2012263.05286620","0"
"1611523800000","1343.83000000","1348.61000000","1342.05000000","1347.43000000","3315.88295000","1611524099999","4461482.48249830","3931","1735.88390000","2335282.19202480","0"
"1611524100000","1347.43000000","1349.50000000","1346.36000000","1348.54000000","1921.99074000","1611524399999","2591064.17655050","3785","983.43247000","1325791.86905920","0"
"1611524400000","1348.46000000","1349.00000000","1346.02000000","1347.17000000","1708.60090000","1611524699999","2302697.42063720","3232","869.99080000","1172475.80606910","0"
"1611524700000","1347.24000000","1349.13000000","1343.53000000","1347.40000000","2419.08609000","1611524999999","3256798.09244250","4131","1172.73127000","1578887.02412490","0"
"1611525000000","1347.40000000","1354.36000000","1346.43000000","1353.91000000","3330.71430000","1611525299999","4500368.05604720","5303","1980.95483000","2676506.45453670","0"
"1611525300000","1353.78000000","1355.01000000","1351.00000000","1352.15000000","2894.43797000","1611525599999","3917863.73820960","3873","1208.71766000","1635992.04770650","0"
"1611525600000","1352.29000000","1352.37000000","1345.55000000","1346.20000000","2861.09489000","1611525899999","3860453.36883120","2453","720.90067000","971419.07414960","0"
"1611525900000","1346.19000000","1349.02000000","1345.01000000","1347.89000000","2033.39143000","1611526199999","2738917.21677410","1847","1081.38373000","1456627.25258300","0"
"1611526200000","1347.89000000","1350.50000000","1347.89000000","1349.88000000","1422.51267000","1611526499999","1919429.02014880","2324","782.27019000","1055557.99066860","0"
"1611526500000","1349.89000000","1352.66000000","1349.21000000","1349.62000000","1316.24576000","1611526799999","1778603.51594010","2179","661.89977000","894451.51179550","0"
"1611526800000","1349.36000000","1349.36000000","1343.55000000","1346.99000000","1382.88468000","1611527099999","1860605.94238100","2399","641.52302000","863102.31333260","0"
"1611527100000","1346.99000000","1351.46000000","1346.99000000","1349.63000000","1423.44434000","1611527399999","1921106.71012570","1983","922.07286000","1244421.02898480","0"
"1611527400000","1349.60000000","1360.00000000","1347.74000000","1359.92000000","5228.82005000","1611527699999","7087357.97529380","5572","3432.06293000","4654764.92110330","0"
"1611527700000","1359.98000000","1368.76000000","1357.51000000","1368.45000000","8089.63347000","1611527999999","11027203.77879100","9314","4732.70187000","6452635.52328940","0"
"1611528000000","1368.46000000","1368.96000000","1363.36000000","1367.98000000","5200.14055000","1611528299999","7105555.23332260","5324","2365.43749000","3232968.55194540","0"
"1611528300000","1367.98000000","1376.88000000","1364.05000000","1370.71000000","10351.26840000","1611528599999","14200052.13945510","9426","5652.60680000","7752531.62321670","0"
"1611528600000","1370.70000000","1375.00000000","1366.73000000","1367.99000000","4368.20893000","1611528899999","5991915.34488170","5050","1937.20857000","2658581.20022960","0"
"1611528900000","1368.27000000","1371.22000000","1363.91000000","1367.99000000","4211.03812000","1611529199999","5761394.60595870","3888","2052.08089000","2807542.68769080","0"
"1611529200000","1367.99000000","1375.00000000","1367.93000000","1373.27000000","3924.70222000","1611529499999","5381982.09949810","3617","2118.87157000","2906045.45911260","0"
"1611529500000","1373.30000000","1377.00000000","1370.68000000","1374.77000000","8371.81366000","1611529799999","11500909.66631170","4838","5036.58964000","6918560.88225610","0"
"1611529800000","1374.77000000","1380.00000000","1373.70000000","1374.71000000","8396.92989000","1611530099999","11567103.88157250","7208","4745.62006000","6538546.37046920","0"
"1611530100000","1374.72000000","1386.00000000","1374.71000000","1385.00000000","8978.65239000","1611530399999","12401947.78760970","7658","6290.63173000","8689935.69029570","0"
"1611530400000","1385.00000000","1387.22000000","1378.22000000","1379.87000000","7092.88914000","1611530699999","9815096.56641290","7000","3478.93091000","4814901.62248720","0"
"1611530700000","1379.87000000","1384.44000000","1378.01000000","1381.13000000","4765.74780000","1611530999999","6583235.39324400","4392","2285.77290000","3157747.37150980","0"
"1611531000000","1381.13000000","1384.93000000","1377.91000000","1382.33000000","5667.55153000","1611531299999","7825359.38890110","4333","3495.28490000","4826611.42700620","0"
"1611531300000","1382.33000000","1382.73000000","1375.72000000","1376.53000000","4827.87716000","1611531599999","6661911.18680420","4095","2698.85401000","3724758.24580120","0"
"1611531600000","1376.53000000","1385.07000000","1375.21000000","1383.57000000","5142.80181000","1611531899999","7103818.89605760","4347","2962.42234000","4092124.79210240","0"
"1611531900000","1383.57000000","1390.00000000","1381.55000000","1389.52000000","6546.28218000","1611532199999","9067239.92428510","5176","4161.82531000","5765744.55963730","0"
"1611532200000","1389.53000000","1398.83000000","1387.74000000","1398.00000000","15012.69785000","1611532499999","20924036.29008870","12628","9926.96951000","13834426.76911930","0"
"1611532500000","1398.00000000","1398.70000000","1389.00000000","1392.51000000","7390.32335000","1611532799999","10302005.93385930","6913","3388.82691000","4723509.94044150","0"
"1611532800000","1392.19000000","1394.20000000","1383.12000000","1390.18000000","7448.38526000","1611533099999","10348171.34839650","7454","3779.18918000","5251315.95456020","0"
"1611533100000","1390.17000000","1407.79000000","1388.99000000","1406.82000000","16899.73350000","1611533399999","23660023.14518560","14630","11822.26170000","16554350.70644240","0"
"1611533400000","1406.82000000","1416.58000000","1401.16000000","1413.01000000","20900.78136000","1611533699999","29469987.77415680","13941","11530.82040000","16265921.92427520","0"
"1611533700000","1413.01000000","1420.00000000","1409.80000000","1419.90000000","16720.68294000","1611533999999","23686040.65562540","12470","9963.75872000","14119037.06041840","0"
"1611534000000","1419.91000000","1444.59000000","1418.89000000","1443.73000000","35554.63260000","1611534299999","50897810.67527080","22479","20533.15830000","29374178.38005300","0"
"1611534300000","1443.87000000","1454.00000000","1428.37000000","1449.17000000","43178.02450000","1611534599999","62278059.99108340","28923","22125.40396000","31925356.28789690","0"
"1611534600000","1448.93000000","1452.01000000","1431.77000000","1438.73000000","27458.45439000","1611534899999","39612002.70029440","17576","14051.94364000","20270531.51291470","0"
"1611534900000","1438.66000000","1445.00000000","1435.58000000","1439.57000000","11906.94822000","1611535199999","17154343.60686980","9236","5999.69115000","8645028.38961140","0"
"1611535200000","1439.70000000","1447.46000000","1438.00000000","1447.31000000","9480.13187000","1611535499999","13665533.24005610","7368","5577.92388000","8041367.64580260","0"
"1611535500000","1447.36000000","1468.33000000","1445.63000000","1465.80000000","31386.32531000","1611535799999","45775167.84916860","21813","17934.21672000","26151230.44107350","0"
"1611535800000","1465.81000000","1475.00000000","1455.00000000","1458.83000000","25481.52482000","1611536099999","37407509.60543000","18311","12364.85384000","18156554.39741070","0"
"1611536100000","1458.84000000","1466.66000000","1452.12000000","1456.96000000","11471.63131000","1611536399999","16723753.24188340","9607","5837.09985000","8511423.18714940","0"
"1611536400000","1456.97000000","1461.24000000","1433.00000000","1445.64000000","23543.57230000","1611536699999","33967366.40343220","20009","10537.99734000","15204541.52664730","0"
"1611536700000","1445.64000000","1449.34000000","1430.68000000","1437.81000000","11491.39677000","1611536999999","16546133.45726050","12482","5340.43962000","7691615.36886440","0"
"1611537000000","1437.83000000","1444.94000000","1437.63000000","1441.00000000","6044.91669000","1611537299999","8713414.63431760","8447","3022.97699000","4358136.27639240","0"
"1611537300000","1441.00000000","1446.00000000","1435.00000000","1437.90000000","7548.34756000","1611537599999","10871736.19831840","9473","3404.49858000","4904172.33572340","0"
"1611537600000","1437.89000000","1438.00000000","1418.48000000","1429.74000000","16242.37559000","1611537899999","23204142.18965200","15438","6804.24622000","9720162.88207320","0"
"1611537900000","1429.75000000","1435.71000000","1426.01000000","1427.18000000","7507.25369000","1611538199999","10740056.37680120","9673","3551.39908000","5081613.27048030","0"
"1611538200000","1427.04000000","1437.43000000","1426.82000000","1430.21000000","7547.03046000","1611538499999","10816332.55011840","8865","3836.38157000","5499115.27014500","0"
"1611538500000","1430.25000000","1431.96000000","1421.11000000","1428.47000000","9092.89899000","1611538799999","12975188.20164080","9363","4543.31491000","6486811.14102010","0"
"1611538800000","1428.40000000","1432.00000000","1425.00000000","1428.93000000","7298.93424000","1611539099999","10421058.86576960","8530","3352.31610000","4786436.32690660","0"
"1611539100000","1428.92000000","1437.82000000","1426.02000000","1436.20000000","5910.47386000","1611539399999","8464480.78098920","8529","3457.74540000","4953398.67276820","0"
"1611539400000","1436.20000000","1440.81000000","1434.76000000","1437.37000000","5396.46174000","1611539699999","7761194.80494480","8136","2928.87062000","4212432.62294350","0"
"1611539700000","1437.14000000","1440.56000000","1431.93000000","1433.42000000","5939.44951000","1611539999999","8530474.18993670","8097","3014.36179000","4330869.06221280","0"
"1611540000000","1433.20000000","1438.12000000","1425.06000000","1425.48000000","6997.67156000","1611540299999","10026549.89104520","5701","3287.73648000","4710967.40567440","0"
"1611540300000","1425.47000000","1429.80000000","1418.73000000","1421.86000000","7839.57303000","1611540599999","11159659.21542070","6150","3552.28280000","5057682.05730440","0"
"1611540600000","1421.53000000","1428.10000000","1420.58000000","1427.64000000","5999.07122000","1611540899999","8551363.62449570","4842","3120.04639000","4447679.40890680","0"
"1611540900000","1427.63000000","1429.10000000","1422.32000000","1426.97000000","4083.37877000","1611541199999","5820109.05910580","3826","2022.53152000","2883306.08114980","0"
"1611541200000","1426.94000000","1437.28000000","1426.20000000","1433.39000000","6198.32083000","1611541499999","8882963.53885520","6003","3503.30281000","5020859.48169120","0"
"1611541500000","1433.28000000","1441.42000000","1432.71000000","1439.83000000","6582.16306000","1611541799999","9460955.15758610","4903","3649.66641000","5244939.07254990","0"
"1611541800000","1439.83000000","1442.87000000","1435.57000000","1435.67000000","4894.42380000","1611542099999","7046317.20983490","4197","2339.65424000","3368811.48331680","0"
"1611542100000","1435.58000000","1438.00000000","1431.63000000","1432.01000000","4758.27687000","1611542399999","6828120.09141630","3610","2362.76956000","3390815.42729610","0"
"1611542400000","1432.20000000","1436.10000000","1428.71000000","1429.80000000","3820.29099000","1611542699999","5468960.45625320","3295","1644.36829000","2354390.92035020","0"
"1611542700000","1429.79000000","1433.51000000","1424.75000000","1432.27000000","4860.30430000","1611542999999","6945736.64183680","4060","2290.02244000","3272907.75632860","0"
"1611543000000","1432.21000000","1432.21000000","1426.75000000","1429.00000000","3519.98227000","1611543299999","5030828.08790370","2996","2001.44897000","2860723.00306940","0"
"1611543300000","1428.96000000","1432.14000000","1427.59000000","1428.72000000","2669.49749000","1611543599999","3817134.25674570","2405","1295.99795000","1853211.78675130","0"
"1611543600000","1428.75000000","1435.70000000","1428.74000000","1434.64000000","4138.73146000","1611543899999","5931556.56578710","3861","1972.25613000","2826713.39548630","0"
"1611543900000","1434.64000000","1436.00000000","1426.94000000","1427.64000000","4031.63279000","1611544199999","5770963.61008480","3137","1860.99520000","2664233.30846790","0"
"1611544200000","1427.63000000","1427.64000000","1422.01000000","1422.25000000","5527.20181000","1611544499999","7877220.66088070","3703","2149.17824000","3062097.89392160","0"
"1611544500000","1422.24000000","1428.60000000","1421.01000000","1427.33000000","4106.34490000","1611544799999","5854042.34525270","3387","1982.91189000","2826822.75559950","0"
"1611544800000","1427.33000000","1429.20000000","1422.42000000","1423.38000000","2927.80907000","1611545099999","4170851.14457140","2485","1557.36015000","2218515.35137790","0"
"1611545100000","1423.27000000","1428.33000000","1422.84000000","1428.03000000","2589.57689000","1611545399999","3692118.17986090","2074","1643.43852000","2342683.84319320","0"
"1611545400000","1428.02000000","1435.90000000","1424.21000000","1435.01000000","4734.28675000","1611545699999","6765651.99597100","4031","2929.38975000","4187330.83822910","0"
"1611545700000","1435.03000000","1435.98000000","1433.00000000","1435.69000000","5158.21505000","1611545999999","7400873.53914020","2884","3552.98785000","5097979.10383870","0"
"1611546000000","1435.70000000","1441.22000000","1434.00000000","1436.84000000","6250.81216000","1611546299999","8988777.50236580","5408","3144.77702000","4523027.30798290","0"
"1611546300000","1436.71000000","1439.00000000","1426.25000000","1427.41000000","5199.64624000","1611546599999","7444776.39333800","4241","2082.25783000","2981262.95136320","0"
"1611546600000","1427.97000000","1431.95000000","1425.61000000","1426.16000000","6782.39812000","1611546899999","9681231.14807860","3972","2578.58010000","3681778.60780270","0"
"1611546900000","1426.39000000","1429.63000000","1422.61000000","1426.91000000","4972.47463000","1611547199999","7089073.20957030","3663","2005.53654000","2860098.55035890","0"
"1611547200000","1426.99000000","1433.94000000","1426.11000000","1428.70000000","5641.52049000","1611547499999","8063577.10611780","4998","2762.21206000","3948167.91474310","0"
"1611547500000","1428.70000000","1429.00000000","1424.37000000","1427.09000000","3117.18765000","1611547799999","4449238.16065340","3814","1207.86624000","1723921.37002620","0"
"1611547800000","1427.09000000","1427.49000000","1421.06000000","1421.07000000","3799.82298000","1611548099999","5410569.34724360","3925","1379.60154000","1965027.28946040","0"
"1611548100000","1421.18000000","1421.18000000","1403.77000000","1408.40000000","17100.12039000","1611548399999","24113910.36848900","13132","7394.32694000","10425365.16194430","0"
"1611548400000","1408.40000000","1411.00000000","1392.20000000","1394.71000000","13777.83534000","1611548699999","19297082.03393560","11094","5031.75694000","7047274.49058580","0"
"1611548700000","1394.39000000","1405.80000000","1394.39000000","1400.27000000","10968.36509000","1611548999999","15375996.61357100","7727","4268.34691000","5985201.33084300","0"
"1611549000000","1400.41000000","1408.80000000","1399.75000000","1407.43000000","5314.98045000","1611549299999","7468288.93989400","5550","2788.13216000","3918011.61210320","0"
"1611549300000","1407.26000000","1414.56000000","1407.00000000","1411.58000000","5745.75298000","1611549599999","8110835.61174680","5755","3432.76331000","4845720.44956690","0"
"1611549600000","1411.49000000","1415.25000000","1410.44000000","1410.44000000","3104.59651000","1611549899999","4388558.83068940","3844","1505.50781000","2128286.37113560","0"
"1611549900000","1410.43000000","1418.99000000","1409.76000000","1418.58000000","4319.02688000","1611550199999","6109796.53995580","4395","3069.73934000","4342877.00896150","0"
"1611550200000","1418.79000000","1421.40000000","1416.11000000","1420.97000000","5320.19959000","1611550499999","7549251.67889420","4691","3981.95331000","5650561.90697100","0"
"1611550500000","1420.89000000","1426.01000000","1419.22000000","1423.02000000","4945.20570000","1611550799999","7033286.26573760","4827","2568.82778000","3654076.35891140","0"
"1611550800000","1423.02000000","1426.04000000","1417.65000000","1419.20000000","4578.35575000","1611551099999","6515725.73540320","4138","1750.27631000","2491400.72754850","0"
"1611551100000","1418.87000000","1422.54000000","1418.83000000","1420.56000000","2976.26528000","1611551399999","4228572.95304160","2589","1527.51303000","2170194.97478110","0"
"1611551400000","1420.57000000","1423.80000000","1420.56000000","1423.74000000","2474.45569000","1611551699999","3519184.34621260","2361","1262.53698000","1795556.60631400","0"
"1611551700000","1423.52000000","1435.00000000","1423.52000000","1433.42000000","5617.94444000","1611551999999","8040354.37987010","5560","3365.03764000","4815684.31332340","0"
"1611552000000","1433.38000000","1434.16000000","1430.34000000","1432.02000000","2639.67840000","1611552299999","3780672.86590660","2750","1136.34064000","1627781.37587730","0"
"1611552300000","1432.02000000","1435.74000000","1430.00000000","1431.70000000","3588.13697000","1611552599999","5141413.91892390","3046","2097.83775000","3006613.74206950","0"
"1611552600000","1431.70000000","1434.58000000","1425.50000000","1425.73000000","4125.16855000","1611552899999","5904098.46306670","3688","1972.67938000","2823880.36881650","0"
"1611552900000","1425.72000000","1435.45000000","1424.75000000","1434.00000000","3001.78086000","1611553199999","4295186.62409580","2849","1719.53393000","2460771.89876460","0"
"1611553200000","1434.01000000","1436.00000000","1430.61000000","1434.17000000","5307.56263000","1611553499999","7613030.52780360","3565","3369.86498000","4833814.25526320","0"
"1611553500000","1434.11000000","1435.97000000","1430.22000000","1430.79000000","4416.27969000","1611553799999","6326185.41448830","3563","2073.77161000","2970638.71655740","0"
"1611553800000","1430.57000000","1433.20000000","1428.78000000","1430.81000000","2641.28730000","1611554099999","3778966.10428470","2467","1338.97538000","1915725.96710030","0"
"1611554100000","1430.82000000","1440.80000000","1430.67000000","1440.46000000","4349.53563000","1611554399999","6251758.96558630","4682","2631.42652000","3782658.29173920","0"
"1611554400000","1440.45000000","1445.00000000","1433.95000000","1434.57000000","5698.57337000","1611554699999","8213920.40374840","6296","2990.55024000","4310811.16675060","0"
"1611554700000","1434.48000000","1438.08000000","1430.38000000","1430.54000000","2541.89990000","1611554999999","3642709.33179050","2988","1361.20218000","1950815.80172550","0"
"1611555000000","1430.51000000","1433.63000000","1426.14000000","1430.19000000","4054.27562000","1611555299999","5799809.93246980","3217","1560.37231000","2232990.43810560","0"
"1611555300000","1429.99000000","1432.88000000","1428.27000000","1430.01000000","2213.95649000","1611555599999","3167308.74514260","2390","1079.52781000","1544610.80992970","0"
"1611555600000","1430.06000000","1430.27000000","1420.01000000","1420.54000000","5824.03955000","1611555899999","8294741.39741320","4367","3457.84293000","4925981.08254050","0"
"1611555900000","1420.42000000","1425.30000000","1420.21000000","1423.67000000","4592.60860000","1611556199999","6533793.72943640","3137","1669.38515000","2375465.57588430","0"
"1611556200000","1423.75000000","1427.30000000","1423.09000000","1426.95000000","2823.68688000","1611556499999","4024858.96629560","2533","1495.17418000","2131582.41649120","0"
"1611556500000","1426.66000000","1427.00000000","1423.85000000","1424.67000000","2186.94809000","1611556799999","3117466.28594280","2187","1062.00068000","1513967.05779880","0"
"1611556800000","1424.66000000","1427.78000000","1414.94000000","1424.30000000","5249.62566000","1611557099999","7458194.41145140","4835","2543.49643000","3615036.68942080","0"
"1611557100000","1424.02000000","1424.97000000","1420.85000000","1424.22000000","2421.75562000","1611557399999","3446310.30557190","2192","972.84344000","1384319.42012890","0"
"1611557400000","1424.44000000","1432.33000000","1421.92000000","1430.00000000","2762.83652000","1611557699999","3944280.61987910","3075","1684.53174000","2405469.71994550","0"
"1611557700000","1430.01000000","1430.02000000","1424.25000000","1426.59000000","2094.97760000","1611557999999","2987933.63281760","2234","817.16381000","1165514.31177270","0"
"1611558000000","1426.50000000","1429.26000000","1417.61000000","1421.07000000","3625.84667000","1611558299999","5155216.48244230","4834","1785.14475000","2538533.93251220","0"
"1611558300000","1421.07000000","1423.79000000","1414.55000000","1414.69000000","3932.89375000","1611558599999","5583193.28616130","4589","1677.21393000","2382330.62637280","0"
"1611558600000","1414.84000000","1417.23000000","1406.48000000","1412.26000000","7247.45764000","1611558899999","10226354.06591620","6477","3502.18727000","4940818.51210050","0"
"1611558900000","1411.97000000","1414.00000000","1402.36000000","1405.99000000","7239.29504000","1611559199999","10182473.31371460","6559","3064.66896000","4311471.49634810","0"
"1611559200000","1406.00000000","1412.59000000","1405.76000000","1411.77000000","4027.45545000","1611559499999","5674792.44665280","4472","2111.96804000","2975841.42477710","0"
"1611559500000","1411.78000000","1413.53000000","1407.15000000","1413.53000000","3378.10848000","1611559799999","4762820.50920220","3989","1547.70294000","2182152.89288680","0"
"1611559800000","1413.32000000","1418.00000000","1408.95000000","1417.79000000","3347.41734000","1611560099999","4730208.72529900","4320","2099.48472000","2966471.17706400","0"
"1611560100000","1417.79000000","1421.37000000","1414.56000000","1416.48000000","3409.78480000","1611560399999","4835140.61334510","4268","2017.38639000","2861372.45451880","0"
"1611560400000","1416.48000000","1420.76000000","1416.35000000","1418.19000000","3625.59146000","1611560699999","5143348.66045140","3985","2017.80373000","2862466.65302380","0"
"1611560700000","1418.19000000","1422.49000000","1416.90000000","1421.07000000","3083.26995000","1611560999999","4378253.18025420","3667","1517.87112000","2156010.05257720","0"
"1611561000000","1421.07000000","1422.15000000","1411.49000000","1416.52000000","3212.02043000","1611561299999","4549034.75083920","4659","1598.68944000","2264167.67783590","0"
"1611561300000","1416.53000000","1425.52000000","1416.53000000","1424.61000000","4561.94349000","1611561599999","6489742.58934490","4625","2956.94248000","4208232.93506830","0"
"1611561600000","1424.65000000","1427.72000000","1416.43000000","1418.32000000","6591.27093000","1611561899999","9378502.25234390","6943","3294.53586000","4688043.47137060","0"
"1611561900000","1418.32000000","1422.02000000","1417.92000000","1420.49000000","2110.04823000","1611562199999","2996577.77969800","3269","1079.00646000","1532402.12386680","0"
"1611562200000","1420.48000000","1420.48000000","1409.29000000","1410.87000000","4668.15563000","1611562499999","6601099.34522470","4871","2251.24086000","3183822.02706450","0"
"1611562500000","1410.92000000","1418.82000000","1410.43000000","1412.49000000","7634.72974000","1611562799999","10802007.05681840","4638","4105.54886000","5809702.71980870","0"
"1611562800000","1412.48000000","1415.00000000","1405.34000000","1410.93000000","4581.42837000","1611563099999","6456252.03776710","4702","1805.44580000","2544875.84454080","0"
"1611563100000","1410.82000000","1411.54000000","1405.59000000","1405.86000000","4325.85029000","1611563399999","6092239.09472610","3828","2606.14438000","3670207.19754880","0"
"1611563400000","1405.88000000","1411.11000000","1400.23000000","1408.06000000","7428.88123000","1611563699999","10440766.22903930","5842","3132.10349000","4403836.42365850","0"
"1611563700000","1407.70000000","1414.68000000","1406.03000000","1412.51000000","4068.40520000","1611563999999","5741377.44195420","3997","1928.65431000","2721169.47787040","0"
"1611564000000","1412.51000000","1415.33000000","1410.63000000","1415.29000000","2591.06024000","1611564299999","3662037.08080500","2626","1357.31439000","1918531.51016680","0"
"1611564300000","1415.20000000","1420.00000000","1414.69000000","1415.82000000","3051.58649000","1611564599999","4325250.90724420","4127","1317.62062000","1867393.04608630","0"
"1611564600000","1415.83000000","1422.00000000","1415.69000000","1420.50000000","3554.61655000","1611564899999","5041651.66546460","3785","1926.19737000","2732256.02212340","0"
"1611564900000","1420.62000000","1423.57000000","1418.47000000","1422.97000000","2630.37977000","1611565199999","3738957.09593190","3505","1266.58152000","1800467.77833420","0"
"1611565200000","1422.98000000","1424.88000000","1419.34000000","1420.28000000","6121.88226000","1611565499999","8707029.58035880","3823","3566.77439000","5072794.37184490","0"
"1611565500000","1420.29000000","1422.12000000","1416.04000000","1417.79000000","3892.33235000","1611565799999","5526019.46422760","3345","1839.93486000","2612322.57567660","0"
"1611565800000","1417.76000000","1421.01000000","1415.00000000","1417.37000000","3740.96883000","1611566099999","5306539.00826820","2644","1977.29620000","2804584.25197660","0"
"1611566100000","1417.37000000","1419.70000000","1411.11000000","1411.33000000","3728.85673000","1611566399999","5273690.84809080","3435","1583.16850000","2237991.29678720","0"
"1611566400000","1411.33000000","1412.27000000","1407.20000000","1409.00000000","4229.48140000","1611566699999","5960813.28728690","3635","1943.12047000","2738835.01736200","0"
"1611566700000","1408.97000000","1412.46000000","1407.14000000","1408.65000000","4037.79326000","1611566999999","5692247.52695510","3048","2124.94632000","2995725.85645480","0"
"1611567000000","1409.04000000","1410.78000000","1404.29000000","1408.87000000","4377.89810000","1611567299999","6161948.77393200","3539","2216.24243000","3119695.03904500","0"
"1611567300000","1408.88000000","1408.88000000","1404.14000000","1405.47000000","3544.48922000","1611567599999","4984135.40836720","3171","1712.78289000","2408513.13638560","0"
"1611567600000","1405.47000000","1406.93000000","1395.60000000","1397.23000000","9144.90473000","1611567899999","12810235.10624520","6822","2940.21656000","4118645.09652780","0"
"1611567900000","1397.22000000","1398.65000000","1382.28000000","1394.98000000","16033.09628000","1611568199999","22317169.19835390","12295","7219.69112000","10056019.86558670","0"
"1611568200000","1394.97000000","1402.61000000","1393.45000000","1394.82000000","5814.77340000","1611568499999","8129574.83419970","5142","3103.61153000","4339938.56073260","0"
"1611568500000","1394.55000000","1394.55000000","1386.81000000","1390.77000000","6859.75447000","1611568799999","9539610.54101540","5121","3818.94458000","5310902.14200740","0"
"1611568800000","1390.72000000","1396.10000000","1383.27000000","1392.76000000","8149.96510000","1611569099999","11329986.98471320","8062","4080.12852000","5672472.47078960","0"
"1611569100000","1392.72000000","1398.64000000","1391.58000000","1398.63000000","7978.54998000","1611569399999","11128240.95898270","6487","5181.58427000","7227585.63695280","0"
"1611569400000","1398.59000000","1398.64000000","1384.62000000","1384.76000000","7266.38281000","1611569699999","10114493.50506520","7244","3243.17300000","4514163.81237820","0"
"1611569700000","1384.76000000","1396.84000000","1379.08000000","1394.57000000","10563.01002000","1611569999999","14653137.35574760","8709","5210.20178000","7234232.90792050","0"
"1611570000000","1394.57000000","1397.25000000","1393.80000000","1396.86000000","3644.69310000","1611570299999","5088229.91007060","4257","2358.78686000","3293137.26931420","0"
"1611570300000","1396.86000000","1401.88000000","1388.00000000","1393.30000000","17393.52850000","1611570599999","24236669.62703800","8650","11607.51651000","16165970.27729710","0"
"1611570600000","1393.43000000","1399.99000000","1393.28000000","1399.27000000","4908.58351000","1611570899999","6859674.22638110","4957","2542.27516000","3552694.10110780","0"
"1611570900000","1399.64000000","1402.36000000","1396.85000000","1401.67000000","4237.19846000","1611571199999","5931739.14735890","4017","2882.64024000","4036594.57705490","0"
"1611571200000","1401.67000000","1402.28000000","1398.00000000","1398.29000000","3381.66163000","1611571499999","4735323.10082550","4322","1551.16692000","2172166.67256750","0"
"1611571500000","1398.29000000","1401.42000000","1394.15000000","1400.24000000","2405.02062000","1611571799999","3358755.76761090","4084","1125.88736000","1572642.93548770","0"
"1611571800000","1400.23000000","1402.00000000","1397.42000000","1400.43000000","2442.36576000","1611572099999","3418391.88404570","3189","1328.54616000","1859412.32457670","0"
"1611572100000","1400.44000000","1405.00000000","1398.76000000","1402.63000000","4155.05058000","1611572399999","5823955.09713070","4265","2400.89528000","3365131.95353060","0"
"1611572400000","1402.63000000","1405.00000000","1398.18000000","1399.67000000","3880.71592000","1611572699999","5441296.20893890","2989","1715.91219000","2405998.16600960","0"
"1611572700000","1399.67000000","1404.36000000","1398.53000000","1402.32000000","2663.43785000","1611572999999","3731941.88356440","2397","1303.59473000","1826923.43461390","0"
"1611573000000","1402.32000000","1403.00000000","1399.00000000","1399.04000000","1849.99248000","1611573299999","2590704.67123090","1936","904.03188000","1266115.63979180","0"
"1611573300000","1399.02000000","1399.09000000","1392.11000000","1396.02000000","3985.64702000","1611573599999","5561327.03682440","3405","1885.04897000","2629659.58076120","0"
"1611573600000","1396.02000000","1402.57000000","1396.01000000","1402.14000000","1345.74268000","1611573899999","1884322.28467760","1956","766.48741000","1073180.69571660","0"
"1611573900000","1402.14000000","1416.02000000","1401.00000000","1415.54000000","7657.28099000","1611574199999","10798995.87586390","6135","3808.28930000","5369954.94449390","0"
"1611574200000","1415.55000000","1419.83000000","1410.94000000","1416.14000000","5017.25379000","1611574499999","7104141.31910760","5199","2872.40447000","4067471.21262940","0"
"1611574500000","1416.10000000","1421.85000000","1413.01000000","1419.88000000","5603.10549000","1611574799999","7945987.16658670","4101","3226.93661000","4576933.71604180","0"
"1611574800000","1419.84000000","1419.93000000","1413.70000000","1415.29000000","3135.58858000","1611575099999","4442575.10499620","3201","1707.86409000","2419973.57548990","0"
"1611575100000","1415.19000000","1416.72000000","1412.00000000","1414.00000000","3804.82197000","1611575399999","5381270.02759590","2742","1420.02969000","2008147.68039230","0"
"1611575400000","1414.01000000","1415.00000000","1411.42000000","1412.56000000","2064.07315000","1611575699999","2916910.18685580","1946","832.46975000","1176495.57823860","0"
"1611575700000","1412.18000000","1414.14000000","1408.33000000","1411.18000000","2370.87783000","1611575999999","3345600.63116000","2689","1302.94562000","1838987.76929760","0"
"1611576000000","1411.41000000","1416.77000000","1404.74000000","1405.56000000","4525.61705000","1611576299999","6390789.85471450","3607","2364.14275000","3340025.07516080","0"
"1611576300000","1405.63000000","1413.26000000","1405.12000000","1413.26000000","3315.34107000","1611576599999","4667754.22763880","2909","1852.74502000","2608757.69351820","0"
"1611576600000","1413.33000000","1425.00000000","1412.04000000","1424.99000000","11437.63960000","1611576899999","16255153.18262540","6784","7059.27306000","10031873.43833250","0"
"1611576900000","1424.93000000","1434.00000000","1424.56000000","1433.64000000","12284.74305000","1611577199999","17557088.76726560","9508","8357.00802000","11941687.05842160","0"
"1611577200000","1433.19000000","1433.63000000","1426.01000000","1427.24000000","7025.93599000","1611577499999","10045218.25717250","5721","4111.06241000","5878244.83177950","0"
"1611577500000","1427.23000000","1429.53000000","1426.00000000","1427.27000000","3442.71992000","1611577799999","4914180.85708850","2960","1988.33764000","2838041.14846410","0"
"1611577800000","1427.06000000","1431.69000000","1426.00000000","1426.27000000","4257.96682000","1611578099999","6083401.67953840","3713","2098.19752000","2998200.08593990","0"
"1611578100000","1426.27000000","1428.27000000","1418.70000000","1421.55000000","6575.28375000","1611578399999","9360556.69593030","5668","3636.70783000","5177884.52455970","0"
"1611578400000","1421.55000000","1432.54000000","1420.29000000","1432.15000000","5325.06857000","1611578699999","7596776.16716880","4329","3324.67594000","4744734.38898570","0"
"1611578700000","1432.04000000","1444.36000000","1431.97000000","1440.48000000","17280.97652000","1611578999999","24874098.13414100","11831","9876.03405000","14211096.51014420","0"
"1611579000000","1440.48000000","1441.52000000","1431.78000000","1436.00000000","8800.76866000","1611579299999","12640905.98286500","5879","4515.88927000","6486049.05054960","0"
"1611579300000","1435.87000000","1437.29000000","1425.00000000","1426.06000000","7500.60799000","1611579599999","10740943.70073080","5319","3424.62343000","4905334.12656510","0"
"1611579600000","1426.24000000","1428.82000000","1421.73000000","1422.57000000","6949.26795000","1611579899999","9910274.96630700","5978","2821.06583000","4023412.62040770","0"
"1611579900000","1422.79000000","1429.28000000","1421.55000000","1426.56000000","5305.64207000","1611580199999","7569807.21574100","4359","3101.96229000","4425342.26807080","0"
"1611580200000","1426.49000000","1438.66000000","1418.73000000","1423.98000000","16038.02392000","1611580499999","22880467.03850410","10032","7100.38207000","10135923.49876250","0"
"1611580500000","1423.84000000","1425.70000000","1415.57000000","1418.56000000","7369.76624000","1611580799999","10463781.29641860","6516","2745.35323000","3898174.85044250","0"
"1611580800000","1418.73000000","1423.46000000","1417.16000000","1421.14000000","6109.11917000","1611581099999","8677014.98154050","4887","3145.43689000","4467919.06906890","0"
"1611581100000","1421.39000000","1423.76000000","1409.71000000","1412.24000000","11747.90094000","1611581399999","16637206.33330050","8668","5106.88965000","7232035.86110370","0"
"1611581400000","1412.25000000","1415.60000000","1405.50000000","1415.06000000","10476.95856000","1611581699999","14768600.95677830","7866","5439.44175000","7664438.30562470","0"
"1611581700000","1415.05000000","1420.76000000","1411.79000000","1413.60000000","6079.64031000","1611581999999","8610821.20954210","5003","3703.51626000","5244949.16964130","0"
"1611582000000","1413.60000000","1415.33000000","1408.39000000","1408.78000000","5142.27743000","1611582299999","7261895.17329330","3859","2240.49599000","3164046.77029360","0"
"1611582300000","1408.76000000","1413.99000000","1408.63000000","1412.66000000","4932.02111000","1611582599999","6957603.09819070","3856","2397.31612000","3381956.75195930","0"
"1611582600000","1412.65000000","1415.90000000","1410.00000000","1415.64000000","3281.44763000","1611582899999","4634765.16555860","2962","1567.54131000","2214080.05192970","0"
"1611582900000","1415.71000000","1417.96000000","1412.97000000","1416.76000000","2938.70259000","1611583199999","4160471.63162350","2944","2008.01942000","2842991.41763780","0"
"1611583200000","1416.76000000","1424.92000000","1416.06000000","1420.70000000","5053.34460000","1611583499999","7185427.08880020","4581","3388.41906000","4818548.14458880","0"
"1611583500000","1420.70000000","1427.00000000","1415.00000000","1415.50000000","6046.59573000","1611583799999","8591467.12928710","4791","3062.60244000","4353417.07337230","0"
"1611583800000","1415.35000000","1418.14000000","1413.00000000","1413.01000000","5603.36054000","1611584099999","7929679.53576980","4940","2334.17553000","3303280.41696520","0"
"1611584100000","1413.01000000","1416.84000000","1411.01000000","1415.47000000","3199.12946000","1611584399999","4524242.93753890","3435","1793.67017000","2536817.73830000","0"
"1611584400000","1415.47000000","1419.18000000","1413.55000000","1418.11000000","2469.55047000","1611584699999","3499476.92045560","2768","1265.54667000","1793356.34119510","0"
"1611584700000","1418.11000000","1418.80000000","1413.87000000","1416.40000000","2321.37899000","1611584999999","3289201.86358210","2523","1185.22383000","1679431.28378550","0"
"1611585000000","1416.48000000","1418.00000000","1408.38000000","1411.92000000","4698.50741000","1611585299999","6635047.04747080","3625","1711.30974000","2417630.33511570","0"
"1611585300000","1411.92000000","1416.00000000","1411.24000000","1414.28000000","2608.74801000","1611585599999","3687021.76986020","2279","1359.84235000","1921952.39265460","0"
"1611585600000","1414.28000000","1415.95000000","1410.32000000","1410.92000000","1987.18712000","1611585899999","2808653.26202010","1826","951.38246000","1344911.49960580","0"
"1611585900000","1410.99000000","1414.04000000","1407.57000000","1410.56000000","4483.96499000","1611586199999","6324318.85540080","3161","2488.45315000","3509163.00693180","0"
"1611586200000","1410.37000000","1411.27000000","1400.00000000","1403.65000000","7347.51777000","1611586499999","10315891.72273780","6441","2942.66125000","4132506.10097740","0"
"1611586500000","1403.49000000","1406.53000000","1403.24000000","1405.66000000","5408.40773000","1611586799999","7599413.67335230","3651","2798.01741000","3931715.96958810","0"
"1611586800000","1405.70000000","1416.00000000","1399.44000000","1414.51000000","6528.43118000","1611587099999","9192786.82037170","5531","3613.65585000","5094471.82180920","0"
"1611587100000","1414.51000000","1423.30000000","1414.13000000","1419.52000000","9029.77856000","1611587399999","12824822.58099820","6731","5193.30438000","7375499.27426520","0"
"1611587400000","1419.49000000","1426.55000000","1418.53000000","1425.53000000","6377.38578000","1611587699999","9074765.95939560","5046","3912.07626000","5566478.43663170","0"
"1611587700000","1425.53000000","1426.00000000","1416.70000000","1419.20000000","8889.77285000","1611587999999","12642431.92173610","5461","5502.41236000","7824859.36605970","0"
"1611588000000","1419.20000000","1422.03000000","1419.20000000","1420.54000000","2732.05052000","1611588299999","3881690.99140550","2321","1864.80777000","2649442.68642520","0"
"1611588300000","1420.56000000","1428.57000000","1418.56000000","1425.00000000","4774.76385000","1611588599999","6803614.59611610","4237","2886.89563000","4113944.67344040","0"
"1611588600000","1424.99000000","1428.00000000","1423.95000000","1425.69000000","3407.01166000","1611588899999","4861245.76392280","2795","1704.61328000","2432313.37144760","0"
"1611588900000","1425.70000000","1429.05000000","1421.46000000","1429.04000000","3112.81929000","1611589199999","4437235.17681730","2877","1840.47013000","2623841.71462670","0"
"1611589200000","1429.04000000","1435.00000000","1427.94000000","1433.66000000","6226.07575000","1611589499999","8913578.28513430","5411","3898.36055000","5580908.11306160","0"
"1611589500000","1433.76000000","1433.79000000","1426.52000000","1427.60000000","3699.37724000","1611589799999","5289299.39721460","3690","2186.60765000","3126648.12296800","0"
"1611589800000","1427.75000000","1432.77000000","1427.48000000","1431.28000000","2632.82537000","1611590099999","3765608.02625590","2495","1457.75739000","2084747.46279400","0"
"1611590100000","1431.29000000","1438.45000000","1430.69000000","1434.87000000","4429.15170000","1611590399999","6354674.77002420","4716","2706.41350000","3883133.39371660","0"
"1611590400000","1434.95000000","1442.72000000","1422.44000000","1426.45000000","18821.43958000","1611590699999","26965460.55134260","13694","9335.10229000","13379409.60753920","0"
"1611590700000","1426.19000000","1427.00000000","1414.14000000","1419.62000000","8610.61305000","1611590999999","12244535.32388880","8247","3821.30306000","5434934.64495800","0"
"1611591000000","1419.62000000","1422.43000000","1415.20000000","1415.65000000","6701.17763000","1611591299999","9506260.05877210","5663","2864.50103000","4064735.43979450","0"
"1611591300000","1415.53000000","1419.52000000","1409.41000000","1413.40000000","7795.11528000","1611591599999","11024272.88840210","6765","3980.03913000","5629473.21507090","0"
"1611591600000","1413.40000000","1418.09000000","1409.49000000","1409.77000000","4030.33618000","1611591899999","5696829.73567120","4855","1851.21535000","2616594.57979480","0"
"1611591900000","1409.87000000","1409.88000000","1401.69000000","1402.37000000","9949.04323000","1611592199999","13986521.59827150","8179","4211.08882000","5921201.30874260","0"
"1611592200000","1402.35000000","1407.83000000","1395.00000000","1399.03000000","14212.15444000","1611592499999","19901414.72680230","11608","5825.70147000","8158229.17214070","0"
"1611592500000","1399.21000000","1408.28000000","1396.72000000","1403.25000000","8339.31440000","1611592799999","11699817.16641180","7010","3986.18121000","5593200.85708280","0"
"1611592800000","1403.25000000","1404.22000000","1387.00000000","1394.59000000","12982.99848000","1611593099999","18092344.89171720","11171","5319.09874000","7413082.05792060","0"
"1611593100000","1394.58000000","1401.51000000","1391.88000000","1399.36000000","4680.65446000","1611593399999","6542551.30423690","6604","2469.24555000","3451900.45486150","0"
"1611593400000","1399.26000000","1399.43000000","1390.00000000","1395.95000000","6060.14934000","1611593699999","8454074.76738400","6970","2574.98615000","3592939.13730260","0"
"1611593700000","1395.95000000","1405.54000000","1395.77000000","1405.50000000","6052.33153000","1611593999999","8482343.72344720","7210","3099.96982000","4343933.44271410","0"
"1611594000000","1405.54000000","1411.20000000","1403.00000000","1407.53000000","5240.68622000","1611594299999","7374203.05765020","5002","3115.40059000","4383295.97921260","0"
"1611594300000","1407.52000000","1414.99000000","1406.47000000","1414.03000000","5340.72700000","1611594599999","7534707.60899890","4036","3498.42690000","4936008.94602800","0"
"1611594600000","1414.02000000","1414.62000000","1405.66000000","1406.60000000","4418.87203000","1611594899999","6231196.52376670","3680","1996.41211000","2815830.01804810","0"
"1611594900000","1406.46000000","1409.89000000","1400.31000000","1402.60000000","4941.00768000","1611595199999","6942886.33884570","4073","2217.38860000","3115859.13898860","0"
"1611595200000","1402.58000000","1406.37000000","1395.13000000","1398.15000000","4843.17799000","1611595499999","6777450.71390740","4708","1749.43436000","2447761.44328310","0"
"1611595500000","1398.08000000","1402.26000000","1395.33000000","1397.64000000","4634.25648000","1611595799999","6482621.30569210","4431","1571.44611000","2199094.49023820","0"
"1611595800000","1397.63000000","1398.90000000","1388.26000000","1397.99000000","5852.94739000","1611596099999","8151249.69268310","6483","2427.20370000","3380581.17731320","0"
"1611596100000","1397.87000000","1399.64000000","1395.01000000","1395.83000000","2426.06526000","1611596399999","3389275.83050560","2803","1018.50532000","1423214.02799800","0"
"1611596400000","1395.90000000","1400.30000000","1395.74000000","1398.16000000","2255.90529000","1611596699999","3154707.95610050","2566","1532.10598000","2142732.85709020","0"
"1611596700000","1398.35000000","1399.25000000","1390.00000000","1395.77000000","3124.71279000","1611596999999","4358495.61398670","3654","1471.39516000","2052380.76895990","0"
"1611597000000","1395.82000000","1400.81000000","1393.39000000","1396.99000000","2486.58819000","1611597299999","3475029.79369710","2842","1463.24059000","2044843.88998310","0"
"1611597300000","1397.26000000","1401.74000000","1394.32000000","1398.98000000","3440.62885000","1611597599999","4810305.00234830","2894","2146.77496000","3001134.94751360","0"
"1611597600000","1398.99000000","1404.99000000","1394.88000000","1404.66000000","3395.62721000","1611597899999","4753828.76835760","3225","1828.49484000","2560395.34665570","0"
"1611597900000","1404.65000000","1404.80000000","1399.28000000","1400.69000000","2173.95630000","1611598199999","3047782.71672090","2272","937.45674000","1314469.68034620","0"
"1611598200000","1400.57000000","1404.98000000","1399.63000000","1401.70000000","1893.83769000","1611598499999","2654594.81900190","1922","1004.90726000","1408600.57267050","0"
"1611598500000","1401.61000000","1405.26000000","1400.23000000","1403.89000000","1576.25505000","1611598799999","2212235.86362950","1612","810.03844000","1136951.76917330","0"
"1611598800000","1403.89000000","1405.26000000","1401.92000000","1402.78000000","1821.38294000","1611599099999","2556161.32047440","1679","936.68205000","1314664.18782270","0"
"1611599100000","1402.77000000","1405.16000000","1400.00000000","1400.70000000","1629.64574000","1611599399999","2285873.28372190","1922","800.72077000","1123197.18880280","0"
"1611599400000","1400.68000000","1402.18000000","1390.01000000","1390.70000000","3889.01713000","1611599699999","5423568.30483440","4057","1892.66280000","2639761.30931260","0"
"1611599700000","1390.70000000","1392.06000000","1383.25000000","1387.02000000","9567.40350000","1611599999999","13268271.31282820","6803","4424.91376000","6135982.11265410","0"
"1611600000000","1387.02000000","1392.82000000","1371.24000000","1373.94000000","14972.37319000","1611600299999","20635988.54375970","10370","6697.44713000","9228595.15384830","0"
"1611600300000","1373.91000000","1379.68000000","1354.86000000","1372.56000000","27431.98533000","1611600599999","37463704.57876630","19023","12093.11927000","16516654.60587130","0"
"1611600600000","1372.57000000","1385.90000000","1371.68000000","1376.85000000","8520.16481000","1611600899999","11750578.74174190","8199","4771.38022000","6580019.67226070","0"
"1611600900000","1376.74000000","1382.43000000","1371.50000000","1375.58000000","6803.88675000","1611601199999","9359921.20321210","5068","4116.43604000","5662245.43606570","0"
"1611601200000","1375.54000000","1376.45000000","1364.81000000","1374.65000000","5492.96394000","1611601499999","7529916.71710430","7785","2493.77178000","3419648.71123860","0"
"1611601500000","1374.66000000","1380.53000000","1374.66000000","1378.26000000","4715.15308000","1611601799999","6497857.79239040","4831","2254.10575000","3106981.15761640","0"
"1611601800000","1378.26000000","1384.34000000","1374.47000000","1383.71000000","3548.33366000","1611602099999","4898538.62335830","4577","2248.81382000","3104854.77216370","0"
"1611602100000","1383.71000000","1385.83000000","1381.46000000","1383.26000000","3223.47580000","1611602399999","4460391.43375230","4448","1664.39831000","2302685.77560080","0"
"1611602400000","1383.16000000","1387.40000000","1381.00000000","1386.79000000","2279.25808000","1611602699999","3155138.12846590","3336","1357.59916000","1879409.60947240","0"
"1611602700000","1386.71000000","1387.96000000","1383.54000000","1387.81000000","2705.12968000","1611602999999","3750089.44019580","3461","1404.18725000","1946818.12973880","0"
"1611603000000","1387.81000000","1391.63000000","1381.17000000","1383.13000000","5080.85436000","1611603299999","7048279.54355370","5969","2806.31867000","3893990.00726610","0"
"1611603300000","1383.07000000","1389.11000000","1376.97000000","1388.35000000","4659.47317000","1611603599999","6440607.84706530","4976","2624.66854000","3628695.19518590","0"
"1611603600000","1388.35000000","1393.77000000","1386.66000000","1391.19000000","4359.57954000","1611603899999","6061449.78445300","4740","1840.44652000","2558465.16521030","0"
"1611603900000","1391.20000000","1395.00000000","1390.62000000","1392.97000000","3116.90113000","1611604199999","4342717.94254690","4538","2009.07546000","2799264.54810890","0"
"1611604200000","1392.96000000","1393.16000000","1389.08000000","1389.83000000","2289.16659000","1611604499999","3183624.11365010","3482","1077.66928000","1498757.32539880","0"
"1611604500000","1389.83000000","1392.15000000","1381.63000000","1382.87000000","3880.22889000","1611604799999","5382548.48106610","4676","1683.92566000","2335924.21628890","0"
"1611604800000","1382.90000000","1383.63000000","1371.66000000","1376.05000000","6712.86557000","1611605099999","9252295.86762360","6576","3344.60302000","4610093.16248830","0"
"1611605100000","1376.05000000","1379.99000000","1366.63000000","1369.91000000","7476.07147000","1611605399999","10258195.93640260","6192","3528.01951000","4839903.32223530","0"
"1611605400000","1370.00000000","1370.84000000","1358.74000000","1366.49000000","10576.33319000","1611605699999","14452059.47355640","7601","4956.85587000","6774438.52161940","0"
"1611605700000","1366.59000000","1376.26000000","1364.00000000","1374.86000000","4286.33212000","1611605999999","5876370.61829100","3994","2182.56684000","2992551.22069640","0"
"1611606000000","1374.87000000","1376.88000000","1370.82000000","1371.79000000","1956.69426000","1611606299999","2687036.88840250","2470","1094.25152000","1502633.36856390","0"
"1611606300000","1371.82000000","1376.92000000","1370.36000000","1374.83000000","2138.10896000","1611606599999","2937411.58951080","2043","1372.02557000","1885182.25133720","0"
"1611606600000","1374.84000000","1377.28000000","1369.00000000","1369.58000000","2650.12236000","1611606899999","3639014.68940630","2640","1157.00865000","1589440.42868830","0"
"1611606900000","1369.58000000","1372.52000000","1363.64000000","1367.13000000","4320.37594000","1611607199999","5910515.15011760","3685","2545.39683000","3482685.07604430","0"
"1611607200000","1367.18000000","1369.67000000","1357.14000000","1368.40000000","5859.69909000","1611607499999","7984545.97514390","5449","2851.04451000","3885197.21445000","0"
"1611607500000","1368.29000000","1368.73000000","1358.51000000","1358.76000000","4981.82444000","1611607799999","6791120.31118670","3948","1997.43759000","2721356.69252340","0"
"1611607800000","1359.02000000","1360.91000000","1353.14000000","1358.91000000","5476.44529000","1611608099999","7428394.51397920","5730","2511.11523000","3406676.29770740","0"
"1611608100000","1358.91000000","1370.00000000","1358.90000000","1370.00000000","3044.94552000","1611608399999","4154213.72482340","4009","1682.13063000","2294560.38406280","0"
"1611608400000","1369.98000000","1370.05000000","1355.17000000","1357.39000000","3740.11758000","1611608699999","5099558.28665100","4525","1506.45766000","2052979.80572420","0"
"1611608700000","1357.38000000","1357.38000000","1330.00000000","1337.00000000","24202.65557000","1611608999999","32492258.47835180","16884","9060.21865000","12165215.63683730","0"
"1611609000000","1336.99000000","1352.23000000","1336.99000000","1339.15000000","9571.52202000","1611609299999","12864958.31854230","9030","4510.52594000","6059550.65561500","0"
"1611609300000","1338.89000000","1348.01000000","1335.99000000","1345.08000000","6428.28184000","1611609599999","8637218.54363160","6425","2978.00906000","4000973.45637160","0"
"1611609600000","1345.37000000","1346.00000000","1330.00000000","1338.29000000","12196.77040000","1611609899999","16330466.26286190","8742","5023.00960000","6726695.48931330","0"
"1611609900000","1338.54000000","1338.80000000","1324.36000000","1334.57000000","14182.31393000","1611610199999","18881690.52462700","11121","5563.85812000","7409026.73493620","0"
"1611610200000","1334.77000000","1335.00000000","1318.70000000","1323.57000000","17707.38387000","1611610499999","23439581.80117470","13344","7933.23232000","10501729.32553150","0"
"1611610500000","1323.40000000","1326.23000000","1311.02000000","1324.10000000","14175.57537000","1611610799999","18683523.66122530","13019","6620.55431000","8726941.55603500","0"
"1611610800000","1324.15000000","1344.83000000","1321.43000000","1343.10000000","12367.63658000","1611611099999","16495628.85651360","11197","6737.75451000","8988277.44955660","0"
"1611611100000","1343.00000000","1343.06000000","1331.75000000","1340.27000000","6843.80346000","1611611399999","9154051.52298130","7191","3259.62834000","4359516.61246160","0"
"1611611400000","1340.30000000","1348.50000000","1338.00000000","1340.84000000","6858.03644000","1611611699999","9221746.78374790","7933","3449.35197000","4637903.77229820","0"
"1611611700000","1340.74000000","1347.93000000","1338.83000000","1347.38000000","3915.04010000","1611611999999","5262338.84498120","5437","2181.86311000","2933027.86095750","0"
"1611612000000","1347.43000000","1348.00000000","1333.16000000","1337.73000000","6321.33349000","1611612299999","8477163.90219840","7075","2766.45147000","3709303.85100430","0"
"1611612300000","1337.74000000","1338.48000000","1311.18000000","1321.26000000","14975.09654000","1611612599999","19795192.64029930","15428","6547.74151000","8654243.82782670","0"
"1611612600000","1321.26000000","1321.97000000","1307.00000000","1315.00000000","10263.52191000","1611612899999","13477071.28300800","12752","3763.54803000","4943354.97651230","0"
"1611612900000","1314.33000000","1325.86000000","1306.37000000","1325.02000000","7679.56036000","1611613199999","10099381.58954680","9017","3982.85371000","5242377.25562630","0"
"1611613200000","1325.02000000","1327.58000000","1315.11000000","1322.99000000","5625.08099000","1611613499999","7434957.99811230","6678","2741.91257000","3624534.06002320","0"
"1611613500000","1322.98000000","1323.43000000","1301.00000000","1304.86000000","9013.20627000","1611613799999","11805157.11057880","9545","3173.22850000","4161005.58861250","0"
"1611613800000","1304.96000000","1316.00000000","1293.69000000","1315.54000000","16214.22352000","1611614099999","21137777.41167470","15428","5730.04015000","7479677.43838170","0"
"1611614100000","1315.54000000","1320.37000000","1306.50000000","1320.31000000","5833.36923000","1611614399999","7669570.25177920","6410","2913.29738000","3830558.98722510","0"
"1611614400000","1320.14000000","1328.92000000","1315.36000000","1328.89000000","4259.80281000","1611614699999","5631337.86230880","5663","2570.26452000","3398972.73722100","0"
"1611614700000","1328.64000000","1334.46000000","1322.51000000","1334.36000000","7476.37903000","1611614999999","9928163.46495850","6782","2615.22087000","3474404.93492180","0"
"1611615000000","1334.00000000","1336.75000000","1325.12000000","1326.43000000","4962.27970000","1611615299999","6611044.82579050","5366","1972.54712000","2628336.53168130","0"
"1611615300000","1326.57000000","1332.73000000","1318.78000000","1327.87000000","5869.07676000","1611615599999","7781239.57800630","6277","3180.74598000","4218209.15629220","0"
"1611615600000","1327.87000000","1328.30000000","1313.00000000","1315.09000000","6306.67378000","1611615899999","8314441.71976160","6375","2560.52452000","3374664.51902770","0"
"1611615900000","1315.27000000","1329.00000000","1313.85000000","1328.80000000","3964.24651000","1611616199999","5241580.34297380","4373","2266.27415000","2998651.69557590","0"
"1611616200000","1328.79000000","1340.00000000","1328.71000000","1337.62000000","7315.54476000","1611616499999","9771452.37754140","6473","4173.96160000","5575139.20496130","0"
"1611616500000","1337.84000000","1342.00000000","1330.00000000","1330.17000000","4715.80620000","1611616799999","6299074.40381640","4623","2373.75360000","3172226.89180080","0"
"1611616800000","1330.37000000","1333.05000000","1323.01000000","1326.93000000","4618.69517000","1611617099999","6130241.56549740","4845","2176.28654000","2888590.29194090","0"
"1611617100000","1327.00000000","1333.50000000","1324.61000000","1327.65000000","3597.45518000","1611617399999","4782253.22762410","3706","1910.88039000","2540341.25030420","0"
"1611617400000","1327.64000000","1328.22000000","1317.79000000","1321.29000000","5309.31629000","1611617699999","7026479.05063260","5429","2155.40708000","2853479.25504460","0"
"1611617700000","1321.28000000","1335.68000000","1317.37000000","1333.87000000","8029.16346000","1611617999999","10647422.03736670","6146","4225.95042000","5604675.07667930","0"
"1611618000000","1333.87000000","1334.24000000","1325.16000000","1326.22000000","3368.03740000","1611618299999","4476158.93381930","2900","1985.18741000","2638400.63486970","0"
"1611618300000","1326.21000000","1333.00000000","1320.33000000","1328.82000000","4042.57206000","1611618599999","5363581.98760560","3854","2270.89122000","3014028.18315440","0"
"1611618600000","1328.74000000","1329.20000000","1319.23000000","1323.53000000","4945.83243000","1611618899999","6543935.41057310","3527","2025.91445000","2681580.70509520","0"
"1611618900000","1323.54000000","1326.33000000","1316.39000000","1317.88000000","4801.57716000","1611619199999","6342297.42956610","3365","2408.96232000","3182173.02696480","0"
"1611619200000","1317.60000000","1328.55000000","1304.04000000","1327.76000000","16290.02334000","1611619499999","21417153.90197790","12576","7951.12038000","10457802.07518620","0"
"1611619500000","1327.81000000","1340.40000000","1325.21000000","1338.48000000","10427.37783000","1611619799999","13912550.67403310","8748","6015.14610000","8026818.03653770","0"
"1611619800000","1338.80000000","1344.94000000","1335.46000000","1342.85000000","7648.42876000","1611620099999","10255661.07560920","6768","3924.50129000","5262908.92049840","0"
"1611620100000","1342.85000000","1346.49000000","1337.35000000","1344.57000000","5922.90935000","1611620399999","7951607.12953980","4944","3322.10113000","4459318.94548080","0"
"1611620400000","1344.56000000","1352.74000000","1342.33000000","1350.81000000","6054.45712000","1611620699999","8159759.68445120","5276","3121.13000000","4206420.64746980","0"
"1611620700000","1350.84000000","1355.65000000","1348.12000000","1349.85000000","7017.22876000","1611620999999","9482514.10871280","5373","3949.81717000","5337971.06932140","0"
"1611621000000","1349.85000000","1359.22000000","1348.82000000","1358.88000000","8121.10029000","1611621299999","10999263.81494080","5393","4077.60586000","5523175.11779210","0"
"1611621300000","1358.82000000","1361.33000000","1353.17000000","1354.65000000","7838.86694000","1611621599999","10634025.38811130","6871","4100.10530000","5562914.62000120","0"
"1611621600000","1354.72000000","1367.79000000","1352.72000000","1364.21000000","7903.70975000","1611621899999","10761150.46832480","6142","4158.86581000","5663413.75486120","0"
"1611621900000","1364.23000000","1369.07000000","1358.13000000","1360.54000000","7681.14293000","1611622199999","10475913.52292760","6414","4098.08346000","5590881.89119140","0"
"1611622200000","1360.53000000","1374.52000000","1358.57000000","1373.08000000","6441.68916000","1611622499999","8811903.39638900","6068","3279.63910000","4487610.43058990","0"
"1611622500000","1373.08000000","1373.34000000","1364.28000000","1367.83000000","5412.39548000","1611622799999","7407031.77956210","4943","2404.35430000","3291025.34992430","0"
"1611622800000","1367.82000000","1368.18000000","1355.50000000","1358.20000000","5398.68206000","1611623099999","7340029.89471400","7444","2482.55414000","3375255.29161840","0"
"1611623100000","1358.17000000","1360.40000000","1347.07000000","1352.00000000","6733.17783000","1611623399999","9109186.00975580","6923","3226.13759000","4364049.48950690","0"
"1611623400000","1352.00000000","1365.42000000","1351.21000000","1362.45000000","4482.40857000","1611623699999","6095795.41429100","6891","2332.09758000","3168915.43145670","0"
"1611623700000","1362.46000000","1362.46000000","1354.09000000","1355.00000000","4203.26985000","1611623999999","5706010.24573760","5645","2111.21005000","2866363.51254880","0"
"1611624000000","1355.00000000","1368.68000000","1354.56000000","1359.92000000","4404.66100000","1611624299999","6001348.93068750","6594","2288.32804000","3117674.13747460","0"
"1611624300000","1359.92000000","1362.31000000","1355.00000000","1355.49000000","3766.06393000","1611624599999","5115324.48388010","5146","1578.59948000","2144016.31660060","0"
"1611624600000","1355.22000000","1362.50000000","1354.24000000","1360.39000000","2370.36566000","1611624899999","3220558.30070690","4448","1305.81311000","1774096.94549280","0"
"1611624900000","1360.40000000","1368.00000000","1357.65000000","1365.53000000","4078.48095000","1611625199999","5562732.35558010","6154","2205.14589000","3007994.60053900","0"
"1611625200000","1365.52000000","1366.00000000","1360.79000000","1363.08000000","3277.10724000","1611625499999","4467212.70932580","4905","1633.97297000","2227634.06612920","0"
"1611625500000","1363.08000000","1369.00000000","1359.42000000","1365.84000000","3721.27301000","1611625799999","5077932.53543510","4570","1930.07756000","2633802.80764620","0"
"1611625800000","1365.84000000","1367.40000000","1363.01000000","1366.57000000","2119.29401000","1611626099999","2892545.25610230","3634","1306.33009000","1782975.11627410","0"
"1611626100000","1366.57000000","1378.49000000","1365.01000000","1378.38000000","8550.07476000","1611626399999","11740899.90787470","6530","3702.96964000","5085822.63082060","0"
"1611626400000","1378.16000000","1378.38000000","1368.26000000","1369.87000000","4955.28118000","1611626699999","6805890.80881410","3747","1792.23974000","2460087.83192280","0"
"1611626700000","1369.90000000","1370.17000000","1363.46000000","1363.84000000","2391.85621000","1611626999999","3271595.41142040","2888","1118.97290000","1530699.53765880","0"
"1611627000000","1364.07000000","1366.88000000","1358.90000000","1360.37000000","3397.87575000","1611627299999","4628111.63314680","3118","2002.57370000","2727682.90862800","0"
"1611627300000","1360.36000000","1363.00000000","1354.30000000","1357.67000000","3692.73814000","1611627599999","5014113.66777160","3402","1584.60941000","2152161.62771580","0"
"1611627600000","1357.67000000","1360.00000000","1353.00000000","1356.36000000","3514.11783000","1611627899999","4767386.48397760","3497","1785.22348000","2421504.87581510","0"
"1611627900000","1356.38000000","1360.70000000","1355.01000000","1360.50000000","1651.78261000","1611628199999","2243104.56209920","2479","858.38768000","1165802.37577710","0"
"1611628200000","1360.67000000","1360.80000000","1358.33000000","1359.35000000","1706.47944000","1611628499999","2319801.52033610","2269","788.90635000","1072569.54256050","0"
"1611628500000","1359.34000000","1359.49000000","1350.94000000","1352.45000000","3331.58337000","1611628799999","4510113.81006430","3684","1551.34367000","2099900.13816200","0"
"1611628800000","1352.19000000","1355.78000000","1349.58000000","1350.45000000","5314.38683000","1611629099999","7189913.26270470","3857","1900.60166000","2570979.18942820","0"
"1611629100000","1350.45000000","1354.14000000","1342.30000000","1342.75000000","5823.03991000","1611629399999","7846375.13903720","5238","2801.18542000","3775852.17960030","0"
"1611629400000","1342.76000000","1350.40000000","1342.63000000","1349.54000000","3856.15958000","1611629699999","5196145.53953020","3435","2137.05448000","2879553.70891590","0"
"1611629700000","1349.58000000","1353.33000000","1347.93000000","1350.24000000","2592.25884000","1611629999999","3499934.42767190","2620","1411.29537000","1905467.89690840","0"
"1611630000000","1350.29000000","1356.12000000","1348.59000000","1354.49000000","2404.10718000","1611630299999","3251798.50429030","2524","1290.70539000","1746329.99994080","0"
"1611630300000","1354.60000000","1358.21000000","1353.24000000","1353.75000000","2174.96556000","1611630599999","2947844.81714480","2159","1157.16328000","1568311.07689060","0"
"1611630600000","1353.62000000","1358.00000000","1352.80000000","1353.01000000","1943.00289000","1611630899999","2633739.24024370","2050","870.42723000","1179682.73494540","0"
"1611630900000","1353.01000000","1353.59000000","1335.44000000","1337.71000000","8688.23609000","1611631199999","11658809.65995750","6533","3429.56852000","4599617.85708660","0"
"1611631200000","1338.16000000","1342.59000000","1332.00000000","1333.51000000","5507.57046000","1611631499999","7360254.43990780","4468","2646.91379000","3537178.32714780","0"
"1611631500000","1333.60000000","1333.94000000","1316.11000000","1323.31000000","13315.51375000","1611631799999","17636305.81141890","11434","4968.22912000","6583744.01002720","0"
"1611631800000","1323.17000000","1327.77000000","1322.15000000","1327.24000000","1922.57054000","1611632099999","2547644.92011110","1264","1021.94253000","1354389.57764270","0"
